Date,Open,High,Low,Close,Adj Close,Volume,Stock Name,MA7,MA21,MACD,20SD,upper_band,lower_band,EMA,logmomentum,absolute of 3 comp,angle of 3 comp,absolute of 6 comp,angle of 6 comp,absolute of 9 comp,angle of 9 comp
2021-10-28,237.0,237.94000244140625,232.77999877929688,236.8300018310547,236.8300018310547,14288300,PYPL,243.37428501674108,255.970951625279,-0.6661330324156722,11.286884271008933,278.5447201672969,233.39718308326115,237.19730772229158,5.463111214238074,154.7184065207653,0.027019909918667817,162.1736437757535,0.02031104607119958,166.4876335145812,0.016959779166805623
2021-10-29,235.42999267578125,238.8999938964844,231.7100067138672,232.58999633789065,232.58999633789065,13010800,PYPL,239.69285801478796,254.6557137625558,0.25342480765738173,12.197588495421307,279.0508907533984,230.2605367717132,234.12576679925976,5.44496855106083,157.4678689717653,0.02811510037401108,168.24989906293197,0.018082861269926684,176.15031450842912,0.014927207656997918
2021-11-01,232.6999969482422,233.5500030517578,230.19000244140625,231.27999877929688,231.27999877929688,14054900,PYPL,237.9885711669922,253.06666637602308,1.2476745902478399,13.221331678594243,279.5093297332116,226.6240030188346,232.22858811926434,5.439295954506657,160.1944525611226,0.028994512964483136,174.09617731656263,0.015570775929805243,185.26561124001202,0.012305729633873084
2021-11-02,232.5399932861328,232.7610015869141,227.8000030517578,229.4600067138672,229.4600067138672,12676700,PYPL,236.42571585518974,251.8500002906436,1.8653819765474964,14.096120463277236,280.04224121719807,223.65775936408915,230.38286718232635,5.431361169693296,162.89134521962688,0.02966176875398493,179.65179950646214,0.012845832804948476,193.63536041516565,0.009272367351286219
2021-11-03,228.3300018310547,230.8999938964844,225.30999755859372,230.3800048828125,230.3800048828125,14178000,PYPL,234.06857299804688,250.43238176618303,3.0240419419507134,14.514089038986212,279.46055984415545,221.4042036882106,230.3809589826504,5.435380038223378,165.5517282745949,0.030121376084835172,184.8609976062614,0.009974810094346422,201.08604044217068,0.005992257409565641
2021-11-04,231.6100006103516,231.9199981689453,225.0,228.22000122070312,228.22000122070312,14158900,PYPL,231.95714460100447,248.72571527390252,3.2334658748675054,14.891871514526548,278.50945830295564,218.94197224484944,228.940320474685,5.425918716514099,168.16880477975158,0.030378627334965293,189.67384517541814,0.007020267925291523,207.47483082063397,0.002618333802698379
2021-11-05,230.0,230.4199981689453,224.6000061035156,225.77999877929688,225.77999877929688,16665600,PYPL,230.64857264927454,246.92761957077752,3.3650256437945814,15.393247915033252,277.71411540084404,216.141123740711,226.83343934442598,5.415122140659464,170.735827623525,0.030439503303860804,194.04707926072322,0.004040759709930652,212.69445687637227,-0.0007080184560737751
2021-11-08,227.9600067138672,230.97000122070312,226.25,229.4199981689453,229.4199981689453,23213900,PYPL,229.59000069754464,245.46857198079428,4.00195961806557,15.687960672418956,276.8444933256322,214.09265063595637,228.55781189410564,5.431186031606286,173.24612729863279,0.03031058538709826,197.94479797610268,0.0010911234568895577,216.67662342748594,-0.0038560706149448278
2021-11-09,212.3999938964844,212.3999938964844,200.67999267578125,205.4199981689453,205.4199981689453,63995100,PYPL,225.7085723876953,243.10523841494606,4.875108119282032,17.765676148922182,278.6365907127904,207.5738861171017,213.13260274399855,5.3201766919436135,175.69313922207422,0.029998975526302048,201.33902035824798,-0.0017772104353483413,219.39389977587945,-0.006705118479924244
2021-11-10,204.1000061035156,208.1999969482422,202.77999877929688,204.63999938964844,204.63999938964844,23585900,PYPL,221.9028581891741,240.66666666666666,6.638333618910792,19.332258642881026,279.3311839524287,202.0021493809046,207.47086717443176,5.316353726036927,178.07043050026166,0.029512223783149227,204.21009766512927,-0.004515942373505763,220.8599838908014,-0.009144467001046324
2021-11-11,207.9199981689453,208.30999755859372,201.55999755859372,202.02999877929688,202.02999877929688,17712100,PYPL,217.98428562709265,238.07952444893974,7.15057212513355,20.026832227253536,278.1331889034468,198.02585999443266,203.84362157767518,5.303454144580946,180.37172603912225,0.028858263278752867,206.54696810465893,-0.0070796937859318775,221.12834238071298,-0.011074297912927127
2021-11-12,203.25,210.0200042724609,201.48399353027344,208.3000030517578,208.3000030517578,20954600,PYPL,214.82999965122767,235.3104763939267,8.62998289900807,19.520918707061988,274.35231380805067,196.26863897980274,206.81454256039692,5.3341670341631895,182.5909339037024,0.028045352159291798,208.3472499734761,-0.009425892476759313,220.28929154240055,-0.012407624045196112
2021-11-15,212.22000122070312,214.20899963378903,210.7100067138672,212.5399932861328,212.5399932861328,17433100,PYPL,212.58999851771765,232.6528567359561,8.709416357665646,18.0269802150588,268.70681716607373,196.5988963058385,210.6315097108875,5.3544140741618556,184.72216983620487,0.027082022191142377,209.61717127647745,-0.011514775775060613,218.46565044998226,-0.01307346542412577
2021-11-16,214.88999938964844,215.97000122070312,211.7700042724609,215.6699981689453,215.6699981689453,16697500,PYPL,211.14571271623885,230.0500001453218,8.515404790467727,15.509135334263252,261.0682708138483,199.0317294767953,213.99050201625937,5.369101956736372,186.7597808455908,0.025977033550223426,210.37133701692608,-0.013309530105312781,215.80715721528588,-0.01302127768129524
2021-11-17,211.1450042724609,213.97000122070312,203.3500061035156,206.2700042724609,206.2700042724609,23095600,PYPL,207.83857073102678,226.93428548177084,8.104528310237754,14.476009370105293,255.88630422198142,197.98226674156027,208.84350352039374,5.324326206542946,188.69836778597548,0.024739335347309554,210.63233843221462,-0.014776582009326876,212.48389234983685,-0.012226493385774882
2021-11-18,206.9900054931641,207.5,199.1999969482422,200.5,200.5,19980100,PYPL,207.1357138497489,224.17904808407738,7.817773095002934,14.8501072595336,253.87926260314458,194.47883356501018,203.28116784013125,5.295814236329918,190.53280684510523,0.02337803142056163,210.43021144785436,-0.015886051516238914,208.67899733345217,-0.010696780427449714
2021-11-19,202.19000244140625,202.5,193.07000732421875,193.6100006103516,193.6100006103516,24607500,PYPL,205.55999973842077,221.817143031529,7.626420202121352,15.665625444765151,253.14839392105932,190.4858921419987,196.83372302027814,5.260667422264978,192.2582698683028,0.02190235092570211,209.80175448880772,-0.016612373129226747,204.58101115929412,-0.00847827787917851
2021-11-22,193.6199951171875,193.8999938964844,184.2749938964844,189.47999572753903,189.47999572753903,29956600,PYPL,203.76714215959822,219.3923812139602,8.286553554547822,15.909224416227682,251.21083004641557,187.57393238150482,191.93123815845206,5.238991877795241,193.8702434474465,0.020321623260724352,208.78971849161167,-0.016935081657904416,200.37617171535842,-0.005660677378936146
2021-11-23,189.15499877929688,190.7899932861328,185.1999969482422,188.0500030517578,188.0500030517578,20004500,PYPL,200.87428501674108,216.59095255533853,9.237083326367326,16.11140560564922,248.81376376663698,184.36814134404008,189.34374808732255,5.231375977109353,195.36454670885783,0.01864525687372048,207.4418844838236,-0.01683974886951772,196.24104034539513,-0.0023796724281796204
2021-11-24,187.0,189.63999938964844,184.7400054931641,188.7100067138672,188.7100067138672,13359100,PYPL,197.47000122070312,214.00571477980841,10.24620230944214,16.453571505102506,246.91285779001342,181.0985717696034,188.9212538383523,5.234898254445613,196.7373477384341,0.01688272151761854,205.81004643057898,-0.01631904190723828,192.33580310959817,0.0011848457983103815
2021-11-26,188.3800048828125,193.0,186.8300018310547,187.7899932861328,187.7899932861328,11080400,PYPL,193.48714338030135,211.7604762486049,10.65556113361572,16.362808242037673,244.48609273268025,179.03485976452956,188.16708013687264,5.229984955227814,197.9851785869983,0.015043533532907452,203.94891918875368,-0.015373855538540919,188.79857582191121,0.0048162263164579526
2021-11-29,188.9199981689453,189.8999938964844,182.42999267578125,187.2400054931641,187.2400054931641,16308200,PYPL,190.76857212611608,209.3990478515625,10.722162958627308,16.283591349675465,241.96623055091342,176.83186515221158,187.5490303744003,5.2270361940381544,199.10494880365565,0.013137243757630618,201.9149933520922,-0.014014448191058121,185.74098650629702,0.008274750439659025
2021-11-30,186.47000122070312,188.8249969482422,180.5,184.88999938964844,184.88999938964844,21144300,PYPL,188.53857203892298,207.12761942545572,10.828804869101617,16.13215916936144,239.3919377641786,174.86330108673283,185.7763430512324,5.21433774943365,200.09395744995146,0.011173427682107929,199.76536049563126,-0.012261488068473303,183.24522636490423,0.01131694487229481
2021-12-01,187.7700042724609,190.3500061035156,179.14999389648438,179.32000732421875,179.32000732421875,19491300,PYPL,186.4971444266183,204.65333411807106,10.143452625544,16.177325576045572,237.0079852701622,172.2986829659799,181.4721192332233,5.183579730151069,200.94990355280245,0.009161677483257795,197.55653378499963,-0.01014689332237441,181.3626537397063,0.013718396093705752
2021-12-02,180.10499572753906,188.8000030517578,179.72999572753906,187.1499938964844,187.1499938964844,20422700,PYPL,186.16428702218192,202.6385716029576,11.172089748595454,15.245768624304027,233.13010885156564,172.14703435434956,185.2573690087307,5.226552767530568,201.67089495952266,0.007111595589462966,195.34329001130243,-0.0077143334782090395,180.11391908016589,0.01529669918787891
2021-12-03,187.72999572753903,187.8000030517578,179.2899932861328,183.92999267578125,183.92999267578125,20737500,PYPL,185.57571411132812,200.42666625976562,10.511925980124232,14.31026511875193,229.04719649726948,171.80613602226177,184.37245145343107,5.209103525964838,202.25545556375727,0.00503278944122286,193.17755969710853,-0.005019253247152647,179.49047330226625,0.015930675889118125
2021-12-06,183.41000366210935,186.07000732421875,179.1999969482422,184.8600006103516,184.8600006103516,13303400,PYPL,185.02571323939733,198.36190432593935,10.566669938388117,13.164879600718281,224.6916635273759,172.0321451245028,184.69748422471142,5.214174601755262,202.7025308767624,0.002934867125048741,191.10739179469596,-0.0021282898896339444,179.4572467966979,0.015572538552458187
2021-12-07,188.6699981689453,192.8280029296875,188.42999267578125,191.0200042724609,191.0200042724609,17772700,PYPL,185.48714338030135,196.7066664922805,10.164082919554772,10.768501591098548,218.2436696744776,175.16966331008342,188.91249758987774,5.247129352262872,203.0114919241916,0.0008274335679761042,189.17601843732788,0.0008820142207256087,179.95625152191712,0.014251147821132848
2021-12-08,191.9499969482422,197.69000244140625,190.08999633789065,197.3500061035156,197.3500061035156,14433200,PYPL,186.93142918178015,195.17952401297433,9.73477834886458,10.50836200736024,216.19624802769482,174.16279999825383,194.53750326563633,5.279898812108895,203.18213745434952,-0.0012799130124317886,187.42104299864323,0.003927249530698538,180.91085958151314,0.012066420805563338
2021-12-09,196.05999755859372,196.4199981689453,191.44000244140625,191.75,191.75,11550700,PYPL,187.91142926897322,194.52857171921502,8.292814554671168,10.256810921489521,215.04219356219406,174.014949876236,192.67916775521212,5.250963670164566,203.2146944497179,-0.003377584702681,185.8737712372918,0.006917901045146545,182.23053272021716,0.009176654604524277
2021-12-10,192.94000244140625,194.1499938964844,186.8000030517578,188.50999450683597,188.50999450683597,11908100,PYPL,189.22428458077567,193.7604762486049,7.254491058391864,10.146253959288897,214.0529841671827,173.4679683300271,189.89971892296134,5.233832148026314,203.10981693942176,-0.0054560078300411995,184.55870057915863,0.00976272251440176,183.8158001230938,0.005781546136588475
2021-12-13,187.5,190.1999969482422,185.3000030517578,186.3800048828125,186.3800048828125,11812200,PYPL,189.1142861502511,193.0152384440104,6.983892341037603,9.616064762413266,212.24736796883695,173.78310891918386,187.55324289619546,5.222407798787165,202.86858311614608,-0.007505627538589417,183.4931768479684,0.012372526937990026,185.5632948704331,0.002103853287079619
2021-12-14,183.7400054931641,189.14300537109372,182.77999877929688,186.8000030517578,186.8000030517578,11414200,PYPL,189.5242876325335,191.9914289202009,7.289483801672986,8.403783934954609,208.7989967901101,175.18386105029168,187.05108299990368,5.2246708428046995,202.49249076681855,-0.009516913303802114,182.6872214401506,0.01466412727719926,187.370660540003,-0.0016278847268159419
2021-12-15,185.1199951171875,191.1000061035156,183.6699981689453,190.66000366210935,190.66000366210935,11278500,PYPL,190.3528594970703,190.94952465239027,7.558748533576505,6.07098022164196,203.0914850956742,178.80756420910635,189.4570301080408,5.245233014764393,201.98345103209996,-0.011480365688806548,182.14352565590676,0.01656412053106618,189.14113501339833,-0.005194034257151804
2021-12-16,194.1660003662109,195.2400054931641,188.25100708007807,188.75,188.75,12326100,PYPL,190.02857317243303,189.66761997767858,6.211373829385167,4.655173813472592,198.97796760462376,180.3572723507334,188.98567670268028,5.2351112906442445,201.34378051535035,-0.013386524650975918,181.8576032992503,0.01801220698410225,190.78761788146053,-0.008395335442941819
2021-12-17,187.0050048828125,187.83999633789065,181.9900054931641,186.1999969482422,186.1999969482422,18899800,PYPL,188.4357147216797,188.71190534319197,5.93337959585557,3.786821017779735,196.28554737875143,181.1382633076325,187.1285568663882,5.221436305733905,200.57619176724558,-0.01522597971440069,181.81808830448264,0.018963777280059237,192.23603874783106,-0.011061232188753807
2021-12-20,182.52999877929688,184.406005859375,181.6699981689453,182.67999267578125,182.67999267578125,10906800,PYPL,187.13999938964844,187.86333356584822,6.063127485013126,3.741623892380647,195.3465813506095,180.38008578108693,184.16284740598357,5.202246857483461,199.68378217757592,-0.016989382331406077,182.00716136681189,0.019391577238443328,193.42787006606702,-0.013055560728744421
2021-12-21,183.17999267578125,189.2899932861328,183.0800018310547,189.13999938964844,189.13999938964844,12515500,PYPL,187.23000008719308,187.65047636486236,6.481377114532592,3.7332809918548313,195.117038348572,180.1839143811527,187.48094872842682,5.237186363299671,198.67002131095583,-0.018667460764120115,182.40108837900465,0.019286360843161876,194.32166976582755,-0.014280234949316536
2021-12-22,189.16000366210935,191.7700042724609,188.03900146484372,191.67999267578125,191.67999267578125,9541600,PYPL,187.98714120047433,187.75523812430245,6.073252578350605,3.8449762496151547,195.44519062353277,180.06528562507214,190.28031135999643,5.250596591925576,197.53873672820592,-0.020251037824406827,182.9708536369356,0.018656548295914097,194.89359283484492,-0.014677501908317745
2021-12-23,192.47000122070312,192.95599365234372,190.25,192.00999450683597,192.00999450683597,7762000,PYPL,188.73142569405692,187.94380914597284,5.228441987872003,3.95791777893663,195.8596447038461,180.02797358809957,191.43343345788946,5.2523257539385275,196.29409834001785,-0.021731051816405087,183.6828717996099,0.017527001238751772,195.13687275970042,-0.014231152312662977
2021-12-27,192.38999938964844,193.9199981689453,191.0800018310547,192.00999450683597,192.00999450683597,8351800,PYPL,188.92428152901786,188.10095142182848,4.51402090739748,4.062539190248762,196.226029802326,179.97587304133097,191.8178074905205,5.2523257539385275,194.94060134420005,-0.023098581029433705,184.4997639263031,0.01593709793369565,195.0603383197514,-0.012966831272339824
2021-12-28,192.19000244140625,194.0,189.1100006103516,190.1000061035156,190.1000061035156,7969400,PYPL,189.1171395438058,188.21095203218005,3.78658413181509,4.0803595447987595,196.37167112177755,180.05023294258254,190.67260656585054,5.242276007941067,193.48304780232561,-0.024344872128942166,185.38118408248488,0.013938330322077742,194.68609364486974,-0.01095136233429347
2021-12-29,190.02999877929688,191.2700042724609,187.8300018310547,189.97000122070312,189.97000122070312,7038700,PYPL,189.6557115827288,188.34095182872954,3.4722644297841327,4.0171953552703,196.37534253927015,180.30656111818894,190.20420300241892,5.24158827876172,191.92652691599682,-0.025461372788118924,186.28468368863355,0.011591652114189154,194.04654468684862,-0.008290817317980982
2021-12-30,189.6100006103516,193.9499969482422,188.91000366210935,191.8800048828125,191.8800048828125,9634800,PYPL,190.9699990408761,188.6738092331659,3.392859445688515,3.4453988871299326,195.56460700742576,181.78301145890606,191.32140425601463,5.251644983930141,190.2763940672276,-0.026439768891133607,187.16660086655935,0.00896478743055325,193.18099835286395,-0.005126970672238685
2021-12-31,191.4499969482422,192.22999572753903,188.3999938964844,188.5800018310547,188.5800018310547,7360400,PYPL,190.88999938964844,189.11476135253906,2.788668974633225,3.416612940789277,195.94798723411762,182.2815354709605,189.49380263937465,5.234205430842253,188.53824869167826,-0.027272026619002233,187.9829615861832,0.006129671287599257,192.1320867856882,-0.0016317949984253049
2022-01-03,191.41000366210935,196.0,189.9499969482422,194.94000244140625,194.94000244140625,12788200,PYPL,191.35571507045202,189.48571414039247,2.731005061806229,3.407569102889306,196.3008523461711,182.67057593461385,193.1246025073957,5.267548845464861,186.7179110577048,-0.027950439698751144,188.6903786299093,0.003160145519660899,190.94227474184078,0.0020002052222261664
2022-01-04,196.0,196.1000061035156,188.19000244140625,191.13999938964844,191.13999938964844,14198000,PYPL,191.23143005371094,189.82904779343377,1.7056761074116764,3.2158942360952896,196.26083626562436,183.39725932124318,191.80153376223086,5.247760639720873,184.82139802848434,-0.028467682053768224,189.24693352744814,0.00012998468577438442,189.65069056361654,0.005561772518596195
2022-01-05,189.8650054931641,194.25,187.1499938964844,187.16000366210935,187.16000366210935,13227600,PYPL,190.53857421875,189.9385717482794,1.4749744947349654,3.2716970530971636,196.48196585447374,183.39517764208506,188.70718036214984,5.226606538665874,182.8548978889238,-0.02881686603569071,189.6130259209627,-0.0028887178459234965,188.29048154353015,0.008844412428159107
2022-01-06,185.5200042724609,195.0,185.07000732421875,192.2700042724609,192.2700042724609,14206300,PYPL,190.84857395717077,189.9980955578032,2.295426423582029,2.8288230777592998,195.6557417133218,184.3404494022846,191.0823963023572,5.253686064739771,180.82474432374207,-0.028991606343537944,189.75217449873884,-0.005826809522326986,186.8868368037084,0.011650933439170457
2022-01-07,190.0200042724609,193.125,186.3000030517578,187.6000061035156,187.6000061035156,12627300,PYPL,190.51000322614397,189.53380984351747,1.9491714097849808,2.8173528364865894,195.16851551649066,183.8991041705443,188.76080283646283,5.2289673211223295,178.73738963814336,-0.02898608964172019,189.6317538142511,-0.008619016251487251,185.45575290945587,0.013808025379239754
2022-01-10,185.75,185.75,177.39999389648438,182.9499969482422,182.9499969482422,14701600,PYPL,189.23428780691964,189.11476207914808,1.9390941748326327,3.165044089389179,195.44485025792645,182.7846739003697,184.88693224431574,5.203731907285661,176.5993773179633,-0.028795149772847292,189.22365204255476,-0.011204607456048747,184.00354928255865,0.015177754187121927
2022-01-11,182.9900054931641,192.8500061035156,182.6199951171875,191.5200042724609,191.5200042724609,12867700,PYPL,189.65428815569194,189.25809587751115,2.9390910868346225,3.137272034677475,195.5326399468661,182.9835518081562,189.30898026307918,5.249757198357921,174.41731403219052,-0.028414348322017904,188.50483601100882,-0.013527846969350598,182.52708200899528,0.015666892588420876
2022-01-12,189.6999969482422,191.4499969482422,185.27999877929688,187.1999969482422,187.1999969482422,13588800,PYPL,188.54857308523992,189.2971431187221,2.43280586290237,3.121044610850446,195.53923234042298,183.0550538970212,187.9029913865212,5.2268213484532895,172.1978411874326,-0.027840060125073045,187.4578116241326,-0.01553829103874037,181.01456315738412,0.015233225542457655
2022-01-13,187.77999877929688,190.83999633789065,180.3500061035156,181.00999450683597,181.00999450683597,12779900,PYPL,187.10142953055245,189.02142842610678,1.8152360617336853,3.624844981557986,196.27111838922275,181.7717384629908,183.30766013339772,5.19301237438673,169.9476061513011,-0.027069563123445026,186.07097000183765,-0.01719099314596279,179.44687101723835,0.013888322408551887
2022-01-14,179.14999389648438,182.0,175.39999389648438,178.4199981689453,178.4199981689453,14374400,PYPL,185.8528573172433,188.43857102167038,2.36876296603225,4.322152706591659,197.0828764348537,179.79426560848708,180.04921882376277,5.178519792771988,167.67323326989592,-0.026101131753001605,184.33881217129584,-0.018446671011618634,177.79923253192518,0.011696680466115272
2022-01-18,176.9600067138672,179.67999267578125,174.0,174.4600067138672,174.4600067138672,12721300,PYPL,183.3085719517299,187.75809515090216,2.8098351705496327,5.321610048889686,198.40131524868153,177.1148750531228,176.3230774171657,5.155947063961873,165.3812948136049,-0.024934132815230714,182.2620478973418,-0.019271885229277842,176.04316666549778,0.008771534621134232
2022-01-19,174.35000610351562,177.27999877929688,172.60000610351562,173.5500030517578,173.5500030517578,13715700,PYPL,181.30142865862166,187.1557144891648,3.4288094868530266,6.119032429542146,199.3937793482491,174.91764963008052,174.47436117356042,5.150687067230235,163.07828199527697,-0.023569122519366457,179.84756711106328,-0.019639272249428404,174.14858907708944,0.005267927690305907
2022-01-20,175.00999450683594,179.8800048828125,173.0399932861328,173.27999877929688,173.27999877929688,13992500,PYPL,179.92000034877233,186.70809573218935,3.7439510437571926,6.861518220818863,200.43113217382708,172.98505929055162,173.6781195773847,5.149121053100333,160.77057621539927,-0.022007943108634704,177.1082853163529,-0.01952786725334233,172.08598790011328,0.0013738047552196945
2022-01-21,171.8000030517578,172.9600067138672,163.3000030517578,163.5399932861328,163.5399932861328,20051000,PYPL,175.922855922154,185.48904782249815,3.699156059068514,8.460848129395165,202.41074408128847,168.56735156370783,166.9193687165501,5.09092408401912,158.46442070004102,-0.02025381719985174,174.06286724555437,-0.018923544786016024,169.82858407871927,-0.0027000737564329322
2022-01-24,156.11000061035156,162.447998046875,152.0800018310547,162.1699981689453,162.1699981689453,23632200,PYPL,172.3471418108259,184.08380998883928,5.839881561327218,9.72894042789948,203.54169084463825,164.6259291330403,163.75312168481358,5.082459697173612,156.16589270877662,-0.01831143768263106,170.7353358347229,-0.01781959648644911,167.35438744147206,-0.006730692366604643
2022-01-25,159.8000030517578,160.91000366210938,155.27000427246094,158.1999969482422,158.1999969482422,13268100,PYPL,169.08857073102678,182.47381010509673,6.657213378631411,11.053902637778233,204.5816153806532,160.36600482954026,160.0510385270993,5.057518860581888,153.88087650119664,-0.016187050754346503,167.15457624314342,-0.016217455219785255,164.6480541573545,-0.010493273257817359
2022-01-26,162.08999633789062,165.3300018310547,155.49000549316406,156.97999572753906,156.97999572753906,15966500,PYPL,166.02571323939733,180.80571492513022,6.760592916735533,12.197781519812873,205.20127796475597,156.41015188550446,158.0036766607258,5.049727766511269,151.61503726150184,-0.013888529424003466,163.35374710519926,-0.014127562534115843,161.70244663418293,-0.01377136258655936
2022-01-27,159.4320068359375,162.5500030517578,156.5399932861328,158.11000061035156,158.11000061035156,12657000,PYPL,163.68999808175224,179.28238133021765,7.199041963244895,12.932371290763903,205.14712391174544,153.41763874868985,158.07455929380964,5.056946200844374,149.37379619044955,-0.011425434618575911,159.36961343474056,-0.011570360686046183,158.51979762464217,-0.016366365258502755
2022-01-28,158.3699951171875,163.63999938964844,156.7899932861328,163.52000427246094,163.52000427246094,9861700,PYPL,162.25714111328125,178.02285766601562,8.010173843920995,12.97143857579459,203.9657348176048,152.07998051442644,161.70485594624384,5.090801097408358,147.1623069819012,-0.008809060886988471,155.2418175622372,-0.008577370598075906,155.11238965488718,-0.01810653103037114
2022-01-31,164.44000244140625,172.16000366210938,163.22000122070312,171.94000244140625,171.94000244140625,14260000,PYPL,162.06571306501115,177.07333374023438,8.303820621511562,12.743525124634075,202.56038398950253,151.58628349096622,168.52828694301877,5.141312632020113,144.98543390659944,-0.006052463638297627,151.01210612694274,-0.005192292388085848,151.5026806525483,-0.018855468735703217
2022-02-01,172.77000427246094,176.1999969482422,170.52999877929688,175.8000030517578,175.8000030517578,23286900,PYPL,163.817143031529,176.46476236979166,7.52948943401617,11.981595533744985,200.42795343728162,152.5015713023017,173.37609768217814,5.163642480680004,142.84773172773797,-0.0031704648899297722,146.72353241083846,-0.0014720354931307624,147.7228368895534,-0.01852024628729738
2022-02-02,139.88999938964844,139.89999389648438,129.00999450683594,132.57000732421875,132.57000732421875,136264000,PYPL,159.5885729108538,173.49476260230654,8.723819437369855,14.79557059091712,203.08590378414078,143.9036214204723,146.17203744353856,4.879539085045593,140.7534276704758,-0.00017963465555253692,142.41965410858987,0.0025124481473668353,143.81367362001617,-0.017059013048584985
2022-02-03,129.9499969482422,131.4499969482422,123.8499984741211,124.3000030517578,124.3000030517578,52101200,PYPL,154.74571663992745,170.31190563383558,10.392604659157854,17.89467413235501,206.1012538985456,134.52255736912556,131.5906811823514,4.81462043492097,138.70640565994893,0.002901754616444617,138.14374687198645,0.006675689411516136,139.82304938326556,-0.014487862142945226
2022-02-04,124.38999938964844,126.6999969482422,121.4000015258789,126.08000183105467,126.08000183105467,33103500,PYPL,150.33143179757255,167.40333411807106,12.504566129307847,19.50424746701018,206.41182905209143,128.39483918405068,127.91689494815358,4.828953547228709,136.71019302876286,0.006053802725379579,133.93805351464056,0.010917779400434174,135.8038080667901,-0.010886355388492568
2022-02-07,126.58000183105467,129.4199981689453,120.5,121.41000366210938,121.41000366210938,30384500,PYPL,145.0885750906808,164.029048374721,13.352767235477813,21.21534981290447,206.45974800052994,121.59834874891204,123.57896742412412,4.790902616317792,134.76794987481554,0.009255087137514462,129.84308746039034,0.01512521470511092,131.81140860983396,-0.006400810173547536
2022-02-08,121.0199966430664,123.33000183105467,118.5500030517578,120.26000213623048,120.26000213623048,30862700,PYPL,138.908574785505,160.82238151913597,14.576313240605998,22.67062707261927,206.1636356643745,115.48112737389744,121.3663238988617,4.78130600160734,132.8824612232389,0.01248280007002045,125.89700671881172,0.0191727295983643,127.90141968561925,-0.0012441735138293793
2022-02-09,122.20999908447266,123.97200012207033,119.80999755859376,122.94000244140624,122.94000244140624,29475600,PYPL,131.908574785505,157.96476273309617,15.37573583726683,22.793129024833313,203.5510207827628,112.37850468342954,122.41544292722472,4.803529140501043,131.05613211220142,0.015712917361735742,122.13507127300169,0.022926308059319677,124.12707894882745,0.004308811244782593
2022-02-10,121.54000091552734,125.27999877929688,118.4800033569336,119.0199966430664,119.0199966430664,30012600,PYPL,123.79714529854911,154.51238141741072,15.647615198014279,23.023784624627996,200.5599506666667,108.46481216815474,120.15181207111918,4.770854073185253,129.29098568161922,0.018920398352607743,118.58919227754062,0.026247502740318653,120.53711658701515,0.009932291472745216
2022-02-11,119.6500015258789,120.88999938964844,114.7300033569336,115.29000091552734,115.29000091552734,24624900,PYPL,121.32857295445034,151.08809589204333,15.667837102967638,23.482682619302903,198.05346113064914,104.12273065343751,116.91060463405796,4.73873908592007,127.58866429721115,0.022079415031484764,115.28757607968349,0.028999075607923214,117.17401588758506,0.015266490838526743
2022-02-14,113.62000274658205,116.62999725341795,113.0,114.12000274658205,114.12000274658205,22787000,PYPL,119.87428719656808,147.9028581891741,16.296387622533587,23.72848170975674,195.35982160868758,100.44589476966064,115.0502033757407,4.728449226428514,125.95043369098445,0.02516360772742072,112.25446023029983,0.031051816126406895,114.07282862174293,0.01994117294282013
2022-02-15,115.41500091552734,116.4000015258789,114.01000213623048,115.45999908447266,115.45999908447266,19007600,PYPL,118.35714394705636,144.90476299467542,16.431972357328505,23.720889989186905,192.34654297304922,97.46298301630162,115.32340051489534,4.7402254089822895,124.37719004473135,0.028146363658134468,109.50993304332479,0.03229219847767809,111.26058637004007,0.023604036584110415
2022-02-16,114.6999969482422,114.79000091552734,110.37999725341795,110.54000091552734,110.54000091552734,28938700,PYPL,116.80428641183036,141.86095319475447,16.096784221565173,23.693856959894553,189.2486671145436,94.47323927496537,112.13446744865001,4.696289787713503,122.86946988739868,0.03100111375871251,107.06982379962653,0.032630333805179774,108.75626422000784,0.025951528571482363
2022-02-17,109.98999786376952,111.41000366210938,104.98999786376952,105.1999969482422,105.1999969482422,33972200,PYPL,114.6528570992606,138.60619099934897,15.932158726384571,23.593000961316932,185.79219292198283,91.4201890767151,107.51148711504482,4.646312100031763,121.42746262246419,0.033701642441499646,104.94564832292937,0.03200749408620635,106.57117971461838,0.02675863832194754
2022-02-18,106.0,106.74099731445312,103.02999877929688,103.6500015258789,103.6500015258789,28157400,PYPL,111.8971426827567,135.2904768444243,16.065986920825637,23.829661875603374,182.94980059563105,87.63115309321753,104.93716338893421,4.631325158329813,120.05102545006149,0.036222404327763046,103.14459511805535,0.03040237600747053,104.70966660006614,0.025903832931789023
2022-02-22,102.1500015258789,105.08000183105467,101.70999908447266,103.16999816894533,103.16999816894533,28422200,PYPL,109.63285718645368,132.41571517217727,16.51768982188443,23.794843817523688,180.00540280722464,84.8260275371299,103.75905324227494,4.6266380746816855,118.73970040287426,0.03853884157905787,101.66954078473199,0.027835278867442165,103.1698617078894,0.02338556464594503
2022-02-23,105.0199966430664,105.5500030517578,100.59500122070312,100.72000122070312,100.72000122070312,25263600,PYPL,107.55142865862165,129.4895248413086,16.07186782791429,23.798785073477365,177.08709498826332,81.89195469435387,101.73301856122707,4.602366270896664,117.4927331769373,0.040627695266787056,100.51908950220674,0.02436951699901689,101.94448333307646,0.019327735403364958
2022-02-24,94.73999786376952,105.26000213623048,94.5,105.0199966430664,105.0199966430664,35400600,PYPL,106.25142778669085,126.95714387439546,17.390587745389297,23.305885165400287,173.56891420519602,80.34537354359489,103.9243372824533,4.644583156072924,116.30909341028033,0.042467304265243325,99.6876387549368,0.020109672702753156,101.02154604120952,0.013972973159130297
2022-02-25,106.1500015258789,111.0999984741211,104.52999877929688,110.94000244140624,110.94000244140624,33806900,PYPL,105.60571398053851,124.76476324172248,17.02602367819111,22.18736185704092,169.13948695580433,80.39003952764064,108.60144738842193,4.699934784639229,115.18749604521427,0.04403788543585181,99.16548034095979,0.015196682687999775,100.38502605405913,0.0076642795333008214
2022-02-28,110.30999755859376,113.53500366210938,108.93000030517578,111.93000030517578,111.93000030517578,25719300,PYPL,105.80428532191685,122.56571560814267,16.034307124108537,20.14547018606618,162.85665598027504,82.2747752360103,110.82048266625783,4.708899374501635,114.12642340480141,0.04532178937427858,98.93895022109437,0.009800170117504718,100.01553878842685,0.0008172116045869758
2022-03-01,112.7300033569336,112.75,105.56099700927734,106.51000213623048,106.51000213623048,19597700,PYPL,105.99142892020089,119.8509536016555,14.31913669223701,16.301286657577045,152.4535269168096,87.24838028650142,107.94682897957294,4.658805755400712,113.12414762086186,0.04630372669111358,98.99064159530835,0.004108800191666568,99.89109987073888,-0.006114052122405308
2022-03-02,105.61000061035156,107.2300033569336,103.69000244140624,106.61000061035156,106.61000061035156,17023500,PYPL,106.41428593226841,116.74000113351005,13.844066926111253,8.867939668663452,134.47588047083696,99.00412179618314,107.05561006675869,4.65975306953768,112.17875306928624,0.04697096065448231,99.29969236236994,-0.0016803274148975622,99.98801129343286,-0.012672855848552485
2022-03-03,107.66000366210938,107.75,100.86000061035156,101.33999633789062,101.33999633789062,20330800,PYPL,106.1528570992606,113.1942865280878,12.619626120182659,8.103045713593124,129.40037795527405,96.98819510090155,103.24520091417997,4.608564382559102,111.28815849738778,0.04731346299555601,99.84215155149839,-0.007372176650374269,100.2818576364574,-0.018434646202555933
2022-03-04,100.23999786376952,102.38999938964844,98.62000274658205,99.91000366210938,99.91000366210938,20151600,PYPL,106.03714316231864,111.63904825846355,12.480052910636658,8.025164019650989,127.68937629776552,95.58872021916157,101.02173607946624,4.594210382776411,110.45013856593776,0.04732403071811105,100.59142097255076,-0.012783208631473492,100.74853440033765,-0.023036909692850608
2022-03-07,99.56999969482422,100.33000183105467,93.5,93.61000061035156,93.61000061035156,26529900,PYPL,104.40714372907367,110.17761957077752,11.861016123170202,8.099194701986061,126.37600897474965,93.9792301668054,96.08057910005645,4.528397133772735,109.66234457338219,0.04699836281322741,101.51876009942896,-0.01774904818432767,101.36518312623811,-0.026202399861873088
2022-03-08,93.04000091552734,98.5999984741211,92.25,94.9000015258789,94.9000015258789,25130900,PYPL,102.11571502685547,108.69285765148345,12.273113017184215,8.19590742836183,125.0846725082071,92.3010427947598,95.2935273839381,4.542230402464258,108.92232417925429,0.046335096814832354,102.59383572123372,-0.02213000077421173,102.11089145281474,-0.027754622286145954
2022-03-09,98.12000274658205,100.7300033569336,97.29000091552734,100.22000122070312,100.22000122070312,20811300,PYPL,100.44285801478794,107.68380991617839,12.089920904223405,7.842899215121646,123.36960834642169,91.9980114859351,98.57784327511479,4.597339619175897,108.22753999558246,0.045335806101283196,103.78529416550927,-0.02581435282788113,102.96703597922173,-0.027625389115017236
2022-03-10,99.0500030517578,99.31999969482422,96.4000015258789,98.5500030517578,98.5500030517578,14703200,PYPL,99.30571528843471,106.6500004359654,11.56574338343222,7.104366247426225,120.85873293081785,92.44126794111294,98.55928312621013,4.580365098353156,107.57538696677305,0.044004959719866635,105.06133315009464,-0.0287196443560374,103.91719730572851,-0.02585481636070026
2022-03-11,99.75,99.81999969482422,95.5199966430664,96.56999969482422,96.56999969482422,15141700,PYPL,97.87142944335938,105.39428601946149,10.763175722959076,6.671963401041162,118.73821282154381,92.05035921737917,97.23309417195286,4.559858960084871,106.96320850782266,0.0423498472604947,106.39025215074145,-0.03079226974235105,104.94664816051139,-0.02258445544048902
2022-03-14,96.04499816894533,100.63999938964844,94.62999725341795,96.87000274658205,96.87000274658205,20988900,PYPL,97.23285893031529,104.3395244053432,10.567710432504924,6.400911430919168,117.14134726718153,91.53770154350487,96.99103322170565,4.56299313573793,106.38831141585442,0.04038047191604017,107.74096380916542,-0.03200583745726302,106.04149154583624,-0.018044439405581685
2022-03-15,98.6750030517578,100.56999969482422,96.0500030517578,100.45999908447266,100.45999908447266,18032900,PYPL,97.31142970493862,103.63333384195964,10.164885617095322,5.954063168119818,115.54146017819927,91.72520750572001,99.303677130217,4.599755544081612,105.84797960931103,0.03810941533188804,109.08345349018099,-0.032358717954720784,107.18759038389128,-0.012535699844547468
2022-03-16,102.37999725341795,107.94000244140624,101.88999938964844,107.91999816894533,107.91999816894533,24840500,PYPL,99.355715070452,103.33809552873883,9.73645015360222,5.337663821119983,114.0134231709788,92.66276788649887,105.04789115603587,4.672080874145253,105.33948678151519,0.03555167816593573,110.3891788800922,-0.03187115577578241,108.36946983184461,-0.006408531563927626
2022-03-17,106.55999755859376,112.18000030517578,106.47000122070312,112.16000366210938,112.16000366210938,21950800,PYPL,101.82142966134208,103.18095288957868,9.023994273990255,5.47296513232091,114.1268831542205,92.23502262493686,109.7892994934182,4.710970637818791,104.86010807999635,0.032724500458151146,111.63140596552451,-0.03058224207308869,109.56938006316544,-3.902765645906113e-05
2022-03-18,111.52999877929688,119.37999725341795,110.2300033569336,118.7699966430664,118.7699966430664,31997800,PYPL,104.47142900739398,103.57285744803292,8.151851879035206,6.524586411778353,116.62203027158962,90.52368462447622,115.776430926517,4.768733541349308,104.40713093968027,0.029647165956408164,112.78548152672369,-0.028546957756982783,110.76667971609426,0.006194905670430968
2022-03-21,117.22000122070312,117.5,112.5,114.6500015258789,114.6500015258789,19888900,PYPL,106.77142878941127,104.02285766601562,6.2775566749439236,6.985968463974701,117.99479459396503,90.05092073806622,115.02547799275827,4.733123563724676,103.97786520681937,0.02634079447662892,113.82904528459716,-0.02583341881402177,111.93764475388362,0.011936214898531642
2022-03-22,114.6500015258789,119.3499984741211,114.6500015258789,117.87000274658205,117.87000274658205,16746100,PYPL,109.81428636823382,104.7000005812872,5.342191606853163,7.632805941764361,119.96561246481592,89.43438869775848,116.92182782864079,4.761062229446238,103.56965269183875,0.022828126206397705,114.74218703806267,-0.02252039114226356,113.0557365998656,0.016868492331579363
2022-03-23,115.52999877929688,117.36000061035156,114.08999633789062,114.6500015258789,114.6500015258789,14430600,PYPL,112.35428619384766,105.24666740780785,4.211247348194874,7.874888100802193,120.99644360941224,89.49689120620346,115.40727696013288,4.733123563724676,103.17987628377723,0.019133301609371156,115.50755556488474,-0.018695094590566185,114.09229234836334,0.02073173627160588
2022-03-24,115.81999969482422,116.19000244140624,113.31999969482422,116.0500030517578,116.0500030517578,13546700,PYPL,114.58142961774554,105.97666749500092,3.326257153873712,8.22015527779144,122.41697805058381,89.53635693941804,115.83576102121616,4.745366843006866,102.8059687476271,0.015281640270345865,116.11042681053415,-0.014451283705745712,115.01754259411183,0.023333440260649974
2022-03-25,116.04000091552734,116.19000244140624,112.08999633789062,113.76000213623048,113.76000213623048,12371500,PYPL,115.41571589878627,106.39285823277065,2.394114887313549,8.332328626030602,123.05751548483185,89.72820098070945,114.45192176455903,4.725261685190843,102.44542130966457,0.011299421654564865,116.53873903836808,-0.009887573276273084,115.80182825418811,0.024554911960668772
2022-03-28,114.0,117.0999984741211,112.36000061035156,116.16999816894533,116.16999816894533,13868000,PYPL,115.9885722569057,106.64190564836774,2.1029151161621797,8.538112506784234,123.71813066193621,89.56568063479926,115.5973060341499,4.746409281782104,102.09579211593908,0.007213670355534594,116.78310224254324,-0.0051059668879650045,116.4168795976501,0.024353171206782095
2022-03-29,118.6500015258789,121.5500030517578,116.97000122070312,121.18000030517578,121.18000030517578,15918400,PYPL,116.33285849434989,107.08238183884393,1.5312828723931489,9.157751757203783,125.3978853532515,88.76687832443636,119.31910221483382,4.788990621445104,101.75471462658348,0.0030519479876953658,116.83678831348958,-0.00021054330280622743,116.8370354937755,0.022759070247404093
2022-03-30,122.3249969482422,122.80999755859376,118.02999877929688,118.48999786376952,118.48999786376952,16513300,PYPL,116.88142939976284,107.6528578258696,0.33014907042766595,9.50234814017694,126.65755410622349,88.64816154551572,118.76636598079095,4.766353205397249,101.41990598461578,-0.0011578465433795453,116.69570727745086,0.004693744046119508,117.0403114995432,0.019872402309961353
2022-03-31,118.1050033569336,118.88999938964844,115.58999633789062,115.6500015258789,115.6500015258789,13928300,PYPL,116.56428636823382,108.08333405994233,-0.2195283008947655,9.536546679725525,127.15642741939338,89.01024070049128,116.68878967751625,4.741884022612932,101.08917537344733,-0.005387667078734486,116.35837349467646,0.00950219675811741,117.00926303916812,0.01585474435133225
2022-04-01,116.0,118.23999786376952,115.04000091552734,116.66999816894533,116.66999816894533,11037800,PYPL,116.8528573172433,108.81333414713542,-0.27625666158829176,9.485583239661514,127.78450062645845,89.84216766781239,116.67626200513564,4.750741293477322,100.76043235329075,-0.009609499640221118,115.82586409018968,0.014111469750978723,116.73162628183154,0.010920665106586425
2022-04-04,117.05999755859376,122.31999969482422,116.87999725341795,121.86000061035156,121.86000061035156,15266400,PYPL,117.68285696847099,109.8585720970517,-0.08853148572322311,9.129387539513639,128.117347176079,91.59979701802443,120.13208774194625,4.794632855983483,100.43169514386543,-0.013795530729428058,115.10177020768553,0.018420674872595605,116.20074800646606,0.0053277715139868525
2022-04-05,122.83000183105467,122.91799926757812,117.2030029296875,117.6500015258789,117.6500015258789,12778700,PYPL,118.23857116699219,111.00333404541016,-1.0853020987242559,8.453191654994493,127.90971735539914,94.09695073542117,118.47736359790134,4.759178011548269,100.10109879985312,-0.0179183043096866,114.19214002559733,0.022332524576787575,115.41583293225088,-0.0006340942741468776
2022-04-06,115.26000213623048,115.5199966430664,110.86000061035156,112.48999786376952,112.48999786376952,16288900,PYPL,117.71285683768136,111.84095291864304,-1.1305340078657196,8.00103944559373,127.8430318098305,95.83887402745557,114.48578644181346,4.713934881618743,99.76690320697203,-0.021950867604555054,113.10541095896623,0.025754548960115916,114.38204151895647,-0.006654333502048852
2022-04-07,111.5199966430664,114.33999633789062,110.0999984741211,113.04000091552734,113.04000091552734,12471300,PYPL,116.5499997820173,112.45142909458706,-0.5685276227469558,7.304532195444242,127.06049348547555,97.84236470369856,113.52192942428938,4.71885595856334,99.42750081066524,-0.025866906122318515,111.85232719098862,0.028600418117602465,113.11046430328597,-0.012413674800259681
2022-04-08,112.26000213623048,113.23999786376952,110.25,111.20999908447266,111.20999908447266,10521800,PYPL,115.50999995640346,113.05428604852585,-0.3538159102647711,6.207045250091711,125.46837654870927,100.64019554834243,111.98064253107823,4.702387628396334,99.08142397648125,-0.029640868550412626,110.44583772482117,0.03079139971922929,111.61798353148639,-0.01759685645815274
2022-04-11,109.75,111.3949966430664,108.44000244140624,109.80999755859376,109.80999755859376,10706600,PYPL,114.67571367536273,113.68476213727679,0.08891856713800905,4.871573584144504,123.4279093055658,103.94161496898778,110.53354588275526,4.689603219525587,98.7273518713828,-0.03324808235440782,108.90096959841698,0.03225797777442206,109.92701358160468,-0.021905917275895453
2022-04-12,111.63999938964844,112.73999786376952,107.75,108.25,108.25,12493600,PYPL,113.47285679408482,114.22666676839192,0.029132529268835583,3.902912080114262,122.03249092862045,106.4208426081634,109.01118196091842,4.675162557808126,98.36411674848836,-0.03666486106223271,107.2346708281506,0.03294165127093891,108.06509352154723,-0.025074067815048333
2022-04-13,102.58999633789062,105.9499969482422,102.29000091552734,105.16999816894533,105.16999816894533,26481900,PYPL,111.0885707310268,114.4509524390811,1.1074803810539748,4.199490052419081,122.84993254391927,106.05197233424295,106.4503927662697,4.646024162418795,97.9907095140932,-0.03986860431530982,105.4656180912528,0.03279691905320185,106.06429321978325,-0.026880003343382298
2022-04-14,105.08000183105467,105.6999969482422,102.05999755859376,102.30999755859376,102.30999755859376,16125800,PYPL,108.8971415928432,114.18380955287388,1.3741852277586446,5.020037845048104,124.22388524297008,104.14373386277768,103.69012929448574,4.618185098967212,97.60628445513437,-0.04283789182442601,103.61398515712006,0.031793438181830815,103.96039317284908,-0.027162318946974982
2022-04-18,102.0500030517578,103.0,99.13500213623048,100.58000183105467,100.58000183105467,15342400,PYPL,107.19571358816965,113.63238089425224,1.8739172482927842,5.7582106054465845,125.1488021051454,102.11595968335907,101.6167109855317,4.600961359601812,97.21016300743122,-0.045552572380099306,101.70116964921586,0.029918315547443453,101.7918107866981,-0.025833386122533546
2022-04-19,100.0,104.86000061035156,99.91000366210938,103.66000366210938,103.66000366210938,12768100,PYPL,105.85571398053852,112.91285741896857,2.77087613889519,6.141790896046386,125.19643921106135,100.6292756268758,102.97890610325015,4.63142259280437,96.80183644990271,-0.047993849035935884,99.74947785365732,0.027178455818850342,99.59827336119437,-0.022891662970867237
2022-04-20,101.9499969482422,101.9499969482422,94.43000030517578,94.9000015258789,94.9000015258789,26487000,PYPL,103.52571432931084,111.97238122849237,2.5348519136500585,7.204635687494848,126.38165260348207,97.56310985350267,97.592969718336,4.542230402464258,96.3809674173768,-0.050144361510271115,97.78176994302876,0.02360284329623632,97.41927875754155,-0.018430993792091042
2022-04-21,96.13500213623048,97.61000061035156,88.80999755859375,89.4000015258789,89.4000015258789,27204100,PYPL,100.61000061035156,110.61666688464936,2.7279026275964924,8.71115977549479,128.03898643563895,93.19434733365978,92.1309909233646,4.481871986904671,95.9473901344239,-0.051988266737823065,95.82107105726237,0.01924458335870522,95.29243336303846,-0.01264511960246616
2022-04-22,89.29499816894531,90.25,85.9800033569336,86.02999877929688,86.02999877929688,21053000,PYPL,97.43571472167969,109.25380961100261,3.573987499141012,10.15567455979686,129.56515873059632,88.9424604914089,88.06366282731945,4.443004121041555,95.50110928472527,-0.05351131835098814,93.89015700663455,0.014182476163500267,93.25180426254121,-0.005825526047088447
2022-04-25,85.32499694824219,87.93000030517578,84.41999816894531,87.77999877929688,87.77999877929688,15683400,PYPL,94.95142909458706,107.90761893136161,4.899338206406398,11.119047262587014,130.14571345653565,85.66952440618758,87.87455346197106,4.463376166303563,95.0422974447151,-0.054700945681972486,92.01112666989451,0.00852184952874988,91.32645605092334,0.001648937921673182
2022-04-26,86.7699966430664,86.86499786376953,83.56999969482422,83.69999694824219,83.69999694824219,17205300,PYPL,92.29285757882255,106.47619011288597,5.385327794947557,12.128815931259162,130.73382197540428,82.21855825036765,85.09151578615182,4.415219565128099,94.57129102650656,-0.05554633265483419,90.20497608335748,0.002394351011780533,89.53934934600404,0.0093314327356824
2022-04-27,83.56999969482422,86.6050033569336,82.12000274658203,82.61000061035156,82.61000061035156,24669800,PYPL,89.72571454729352,104.87809499104817,6.081297190162616,12.642195528828786,130.16248604870574,79.5937039333906,83.43717233561831,4.401951810960034,94.0885846933424,-0.05603849668397437,88.49119129242942,-0.00404359563410701,87.90674825983517,0.016735003446094743
2022-04-28,85.05999755859375,93.18000030517578,84.37000274658203,92.08999633789062,92.08999633789062,42836600,PYPL,88.07285635811942,103.49285670689174,7.01933014264543,12.433070457019557,128.35899762093086,78.62671579285262,89.20572167046652,4.5118479885535185,93.59482423091191,-0.056170367416729615,86.88737776087955,-0.010613914675319748,86.4382168859504,0.023367007818993767
2022-04-29,91.0,94.51000213623048,87.75,87.93000030517578,87.93000030517578,24872400,PYPL,87.07714189801898,102.03761872791108,6.53237957027018,12.463542428607498,126.96470358512607,77.11053387069609,88.3552407602727,4.465103200601565,93.09079787976484,-0.05593686485756533,85.40894305240653,-0.017121725976064355,85.13719103901994,0.028766850670561006
2022-05-02,87.55000305175781,92.48999786376952,86.81999969482422,91.52999877929688,91.52999877929688,21340500,PYPL,87.38142721993583,100.88904716855004,6.838874960161277,12.100323937407127,125.08969504336429,76.68839929373578,90.47174610628882,4.505681274003386,92.57742615761208,-0.055334976096244826,84.06884634509849,-0.023361904300533008,84.00201248593504,0.032543018795804395
2022-05-03,91.4800033569336,92.25,90.04000091552734,90.70999908447266,90.70999908447266,15227600,PYPL,88.0499986921038,99.6528567359561,6.381069987950909,11.116837124796927,121.88653098554997,77.41918248636225,90.63058142507805,4.496582235365782,92.0557502253946,-0.05436382953997807,82.87742317091525,-0.02912714481302107,83.02723472373759,0.03440540103947123
2022-05-04,90.25,92.8499984741211,87.12000274658203,92.72000122070312,92.72000122070312,15850600,PYPL,88.7557133265904,98.26523771740142,6.279018853351175,10.22336563804636,118.71196899349414,77.8185064413087,92.02352795549477,4.518740471298721,91.52691887741499,-0.05302476522920293,81.84228708003616,-0.0342171205712405,82.20497350795509,0.0341895741050847
2022-05-05,90.7300033569336,90.7300033569336,84.16999816894531,85.43000030517578,85.43000030517578,22066500,PYPL,89.0028566632952,96.73095194498698,5.541805017655108,9.891940028694192,116.51483200237537,76.9470718875986,87.62784285528211,4.43592279229595,90.99217426329368,-0.05132139950920487,80.9683026472722,-0.03844812834002036,81.52609108861999,0.0318708770983634
2022-05-06,85.31999969482422,85.37000274658203,80.9000015258789,81.68000030517578,81.68000030517578,21369300,PYPL,88.86999947684151,95.26380920410156,5.395190534154409,9.517607752165684,114.29902470843294,76.22859369977019,83.66261448854455,4.390490716868556,90.45283647765746,-0.049259682047669624,80.2576176172603,-0.04166248527252105,80.9810645558215,0.02756735302688596
2022-05-09,79.88999938964844,82.13999938964844,78.8499984741211,79.52999877929688,79.52999877929688,25513700,PYPL,87.07571411132812,93.66809481666202,5.853480464895526,9.199221966784876,112.06653875023177,75.26965088309227,80.9075373490461,4.363480701842366,89.91028718182108,-0.04684794294523223,79.7097373424492,-0.04373689111724803,80.56047746641217,0.021531748139890856
2022-05-10,81.70999908447266,82.2699966430664,76.12999725341797,78.75,78.75,21126300,PYPL,85.76428549630302,92.12238057454427,5.803952466895552,8.78741689225712,109.6972143590585,74.54754679003003,79.4691791163487,4.353498551059343,89.36595244968784,-0.0440969274968026,79.32162305010853,-0.04458902453069544,80.25516568648479,0.014133626904222794
2022-05-11,77.75,80.38999938964844,75.0199966430664,75.16999816894531,75.16999816894531,16770200,PYPL,83.42714255196708,90.47285679408482,6.009317849685274,8.526162250584205,107.52518129525323,73.4205322929164,76.60305848474644,4.306359731061198,88.82128505695322,-0.04101981604087852,79.08779735333471,-0.04418179488165783,80.05612009059824,0.005833302939571808
2022-05-12,73.75,76.55999755859375,71.83100128173828,74.29000091552734,74.29000091552734,29361000,PYPL,81.08142852783203,88.85571398053851,6.622531801968563,8.349338917039459,105.55439181461743,72.15703614645959,75.06102010526705,4.294424186429604,88.27774645761875,-0.037632226296638975,79.00044551663072,-0.04252490120486975,79.95428440283254,-0.0028502352952756143
2022-05-13,76.37000274658203,79.19000244140625,76.37000274658203,78.83000183105469,78.83000183105469,17111400,PYPL,79.0971429007394,87.60142844063895,6.966874320517505,7.874487324710029,103.35040309005902,71.85245379121889,77.57367458912547,4.354526984497632,87.7367887138709,-0.0339521956472774,79.04950829374566,-0.03967362268685167,79.94038038597772,-0.01137488661621579
2022-05-16,78.58999633789062,79.05999755859375,76.18800354003906,77.6500015258789,77.6500015258789,15432300,PYPL,77.98571450369698,86.42714291527157,6.756352522316959,7.42936916343953,101.28588124215064,71.56840458839251,77.62455921362776,4.339249625224919,87.19983666354744,-0.030000140993026315,79.22277017165258,-0.03572503927039211,80.00485012233207,-0.019211801756542603
2022-05-17,79.88999938964844,81.28500366210938,77.30999755859375,79.75,79.75,12677400,PYPL,77.71000017438617,85.43523806617374,6.459261802164406,6.215023565823323,97.86528519782038,73.00519093452709,79.04151973787593,4.366278277705742,86.66827062266064,-0.025798794075031477,79.5059539439742,-0.030812117771061777,80.1379407206556,-0.025879918376059345
2022-05-18,78.5999984741211,79.93800354003906,76.7699966430664,77.18000030517578,77.18000030517578,15955300,PYPL,77.37428610665458,84.17428552536737,6.159383600089342,5.913752191512227,96.00178990839183,72.3467811423429,77.8005067827425,4.333098965056441,86.14340992775054,-0.021373110563002562,79.88283731799852,-0.025096268190850847,80.3298899035003,-0.03097632282623505
2022-05-19,76.83000183105469,82.30999755859375,76.83000183105469,81.27999877929688,81.27999877929688,19779300,PYPL,77.73571450369698,83.52571396600632,6.414073556238364,5.774442858299837,95.07459968260599,71.97682824940665,80.12016811377875,4.385520508722568,85.62649762326782,-0.01675015170072874,80.33540890246155,-0.01875905956621114,80.5711208287603,-0.03420056871179248
2022-05-20,83.70999908447266,83.7699966430664,77.55999755859375,80.54000091552734,80.54000091552734,16887400,PYPL,78.5028577532087,83.1038091750372,5.477958323948826,5.764915070824899,94.633639316687,71.5739790333874,80.40005664827781,4.376260051289821,85.11868659194755,-0.011958937902737598,80.84407928576319,-0.011993782079140427,80.85233521097456,-0.03537164293069795
2022-05-23,80.44000244140625,82.05999755859375,79.27999877929688,81.18000030517578,81.18000030517578,12309200,PYPL,79.48714338030133,82.87285686674572,5.196466414419618,5.662320880727817,94.19749862820136,71.54821510529008,80.92001908620979,4.384274111020495,84.62102741067447,-0.007030274374292963,81.38795849084157,-0.004997463055678008,81.1644108081116,-0.03443682178717955
2022-05-24,79.88999938964844,80.0,77.19999694824219,78.6500015258789,78.6500015258789,13309600,PYPL,79.46142905099052,82.43809509277344,4.822346255808554,5.724236546557046,93.88656818588753,70.98962199965935,79.40667404598919,4.352211569245422,84.13445819038448,-0.0019965495606436155,81.94520482169627,0.0020361903116877782,81.49805858794056,-0.031472157510535545
2022-05-25,77.95999908447266,80.77999877929688,77.25,80.12000274658203,80.12000274658203,14075400,PYPL,79.81428636823382,82.26761917840867,4.865958043532558,5.745893635026972,93.75940644846261,70.77583190835472,79.88222651305108,4.370965722028587,83.65979662617707,0.0031084920106653063,82.49344311514662,0.008922613118068681,81.84326413257429,-0.026674797294905142
2022-05-26,80.37000274658203,81.30000305175781,79.7509994506836,80.41999816894531,80.41999816894531,21681900,PYPL,79.91000039236886,82.16333334786552,4.52074187357556,5.2666587232463,92.69665079435812,71.63001590137291,80.2407409503139,4.37475020264777,83.19773444348453,0.008250000183310423,83.01024372404713,0.015490829448474169,82.18860960920149,-0.020347814549861776
2022-05-27,81.16000366210938,85.41999816894531,80.73999786376953,85.20999908447266,85.20999908447266,16874100,PYPL,81.05714307512555,81.83571443103608,4.432601884930207,5.129758065869926,92.09523056277594,71.57619829929622,83.55357970641974,4.433313668169945,82.74883437872491,0.013392289910579806,83.47364797554947,0.02158653349665587,82.5206282883075,-0.012878755397427876
2022-05-31,84.70500183105469,86.59200286865234,83.13999938964844,85.20999908447266,85.20999908447266,15500000,PYPL,81.61857169015067,81.70619056338356,3.8138018174068407,4.653984586389534,91.01415973616263,72.39822139060449,84.65785929178834,4.433313668169945,82.31352977959375,0.018499128651710255,83.86272182679741,0.027073933090877,82.82336780049012,-0.004713634761722254
2022-06-01,85.47000122070312,86.7699966430664,81.8499984741211,82.4800033569336,82.4800033569336,11019100,PYPL,81.89571489606585,81.27523840041388,2.9713652018357664,4.1012864797038056,89.47781135982149,73.07266544100628,83.2059553352185,4.400357632558084,81.89212685262042,0.02353403630050076,84.15811711510466,0.031836563532691396,83.07832313328916,0.0036714557489766547
2022-06-02,82.22000122070312,88.61000061035156,82.22000122070312,88.31999969482422,88.31999969482422,17299800,PYPL,82.91571480887276,81.16142890566871,3.1759939691340406,3.502760068514152,88.16694904269701,74.15590876864042,86.61531824162232,4.469579528186831,81.48480952568477,0.028460593166633224,84.3426190561046,0.03577732225875169,83.26484762780119,0.011798783513029057
2022-06-03,86.68000030517578,88.0999984741211,85.69999694824219,86.52999877929688,86.52999877929688,11808300,PYPL,84.0414287022182,80.86666688464936,2.5508910265343445,3.590403993601397,88.04747487185216,73.68585889744656,86.55843860007202,4.448867177320468,81.09164683289893,0.03324275134071571,84.40165921788777,0.03881798588391471,83.3610712868725,0.019215273750683402
2022-06-06,87.95999908447266,88.98999786376953,86.4000015258789,86.80999755859375,86.80999755859375,12472000,PYPL,84.9971422467913,80.93238103957404,1.854176406962452,3.8430787367160377,88.61853851300611,73.24622356614196,86.72614457241984,4.452135521367727,80.7126026707101,0.03784514475907308,84.32377477192445,0.040898458793639035,83.34526810585723,0.0255150037536909
2022-06-07,85.0999984741211,88.81999969482422,84.5199966430664,88.58999633789062,88.58999633789062,10423800,PYPL,86.16428484235492,81.2614284697033,1.8459338039228328,4.191855452085975,89.64513937387525,72.87771756553136,87.96871241606704,4.472666794365322,80.3475477193258,0.04223339344304071,84.1009970866712,0.04197597489994247,83.19753645599229,0.03035697412501797
2022-06-08,88.31999969482422,89.31999969482422,86.88999938964844,87.51000213623047,87.51000213623047,9129600,PYPL,86.49285670689174,81.6414286295573,1.2828272053080667,4.36037888111166,90.36218639178061,72.92067086733398,87.66290556284265,4.460260038885734,79.99627327448921,0.04637439770858575,83.72915543644905,0.042024438329909757,82.90160332337072,0.03347803997288917
2022-06-09,86.80999755859375,88.12999725341797,84.06999969482422,84.11000061035156,84.11000061035156,11771500,PYPL,86.33571406773159,81.89666675385975,0.7982526690080931,4.09671557203235,90.09009789792445,73.70323560979504,85.29430226118193,4.420165038908835,79.65850669285172,0.05023661860422461,83.20808456700615,0.04103404929660814,82.44654188838417,0.03470154696709407
2022-06-10,80.43000030517578,81.45999908447266,78.25,79.30000305175781,79.30000305175781,19125000,PYPL,85.88142830984933,82.0933336530413,1.0039756167685283,3.7214507628216356,89.53623517868456,74.65043212739803,81.29810278823253,4.360547641971952,79.33392812096982,0.05379034140892545,82.5417279804174,0.039011320320398744,81.82820262347391,0.03394260196311456
2022-06-13,76.02999877929688,78.12999725341797,73.45999908447266,73.72000122070312,73.72000122070312,19674400,PYPL,83.79571424211774,82.06619081043061,1.4044251196365138,4.137632042461785,90.34145489535419,73.79092672550703,76.24603507654626,4.28661646665557,79.02218815415443,0.05700791967147686,81.73813202394398,0.035979545101663075,81.0501954305279,0.03121095861965406
2022-06-14,74.30000305175781,75.08000183105469,71.45500183105469,72.45999908447266,72.45999908447266,19289300,PYPL,81.78571428571429,81.76285734630767,1.8486575854158787,4.579065336366139,90.92098801903995,72.60472667357539,73.72201108183053,4.269137839783518,78.722926057461,0.05986399795978069,80.8093291803045,0.03197973559465184,80.1243162035227,0.02661223349735526
2022-06-15,73.47000122070312,77.0999984741211,72.38999938964844,75.83000183105469,75.83000183105469,17165600,PYPL,80.21714346749442,81.67619069417317,2.531989606646192,4.759367754639085,91.19492620345135,72.157455184895,75.12733824797998,4.315218898561794,78.43578817705045,0.06233571217316664,79.77111237400477,0.027071988900930422,79.07037690875994,0.02034765868249508
2022-06-16,73.33000183105469,74.06500244140625,70.70999908447266,71.2300033569336,71.2300033569336,14404300,PYPL,77.73714447021484,81.27047656831287,2.746201113977179,5.2247543816138124,91.7199853315405,70.82096780508525,72.5291149872824,4.251775617970067,78.16044617561495,0.06440286691558673,78.64270564618924,0.02133718093451614,77.91546569875734,0.012711926187750959
2022-06-17,71.33000183105469,73.66000366210938,70.47000122070312,72.9000015258789,72.9000015258789,17231100,PYPL,75.6500015258789,81.06666710263207,3.290199273597267,5.566083715664062,92.1988345339602,69.93449967130394,72.77637267968008,4.275276285949238,77.89661473987584,0.06604808999911974,77.44634020313647,0.014878805882280757,76.69272518753517,0.004088013714487008
2022-06-21,74.51000213623047,75.0,72.27999877929688,72.37000274658203,72.37000274658203,14934800,PYPL,73.97285897391183,80.6423815772647,3.1683152197586537,5.8959724382978225,92.43432645386035,68.85043670066905,72.50545939094805,4.26787765146668,77.6440684303961,0.06725696461832228,76.20674855238731,0.007824689521925722,75.43978542822252,-0.005062648438448294
2022-06-22,71.87000274658203,74.57499694824219,71.37899780273438,72.97000122070312,72.97000122070312,13575700,PYPL,73.06857299804688,80.28190540132069,3.462926512935624,6.137793044027338,92.55749148937537,68.006319313266,72.8151539441181,4.27624938248099,77.402657373015,0.06801814008652857,74.95059305747097,0.0003282055892717096,74.19701593469587,-0.014216529855354135
2022-06-23,73.2699966430664,74.0,71.55999755859375,73.80999755859375,73.80999755859375,16986800,PYPL,73.08142961774554,79.93095288957868,3.5136576855787496,6.297008839754725,92.52497056908813,67.33693521006923,73.4783830204352,4.287853274875425,77.17232152592841,0.06832342224299841,73.70584849257648,-0.007431470132657882,73.00576168907001,-0.0228124653906169
2022-06-24,74.79000091552734,78.66000366210938,74.38999938964844,77.68000030517578,77.68000030517578,29843800,PYPL,73.82714407784599,79.88476235525948,3.5723367475866894,6.318061019055246,92.52088439336998,67.24864031714898,76.27946121026226,4.339640922157305,76.9531032955987,0.06816784472053931,72.5011606369495,-0.015250602484857797,71.9066979714977,-0.03028493546451552
2022-06-27,77.98999786376953,78.44999694824219,75.31999969482422,75.94000244140625,75.94000244140625,11657200,PYPL,73.84285845075335,79.68571472167969,2.989338414616924,6.376790784558399,92.43929629079649,66.93213315256288,76.05315536435825,4.316687825943687,76.74515831712142,0.06754972221016188,71.36520405121014,-0.02290418510322043,70.93838090896084,-0.03610531806949033
2022-06-28,75.68000030517578,76.91999816894531,71.61199951171875,71.81999969482422,71.81999969482422,14995000,PYPL,73.92714364188058,79.27619098481678,2.5253437109413994,6.464517318161715,92.20522562114022,66.34715634849334,73.23105158466889,4.260141442374582,76.54876425931226,0.06647068668266531,70.32606129853329,-0.03015174774016596,70.13599701403162,-0.039828219417040095
2022-06-29,71.21199798583984,72.1500015258789,69.7699966430664,71.47000122070312,71.47000122070312,11344500,PYPL,73.72285788399833,78.62190537225632,2.750506782671195,6.497545248715922,91.61699586968817,65.62681487482448,72.05701800869171,4.25518710466124,76.36432756061635,0.06493570724303695,69.41064249099314,-0.03674596079161841,69.53024730490961,-0.041137807095122304
2022-06-30,70.81999969482422,70.88999938964844,67.58000183105469,69.83999633789062,69.83999633789062,14264700,PYPL,73.36142839704242,77.89000047956195,2.8380782635443467,6.680942862875307,91.25188620531256,64.52811475381134,70.57900356149099,4.231784918145932,76.19238804810612,0.0629530939234812,68.64415798802911,-0.04244398383007618,69.14626630512265,-0.03988733533372868
2022-07-01,69.83999633789062,71.69999694824219,69.66000366210938,71.4000015258789,71.4000015258789,9727300,PYPL,73.13714272635323,77.36238134474982,3.12950323179075,6.321723428662927,90.00582820207568,64.71893448742397,71.1263355377496,4.254193284838413,76.033621437528,0.06053448529013008,68.04964881736548,-0.04702105368886106,69.00249464479492,-0.03612446198081517
2022-07-05,70.18000030517578,74.48500061035156,68.76000213623047,74.4000015258789,74.4000015258789,12823700,PYPL,73.22142900739398,76.69952428908576,3.5098556286219065,5.908965579208814,88.51745544750338,64.88159313066814,73.3087795298358,4.295923956409011,75.88883975687601,0.05769481927538598,67.6475702239358,-0.05028529436096504,69.10950019010791,-0.030096113577551414
2022-07-06,74.83000183105469,75.4000015258789,72.62999725341797,73.23999786376953,73.23999786376953,9436600,PYPL,72.58714294433594,76.06666710263207,3.0146342668783177,5.383214972164347,86.83309704696076,65.30023715830337,73.26292508579162,4.279993879537433,75.75898977864135,0.05445228618281313,67.45541575136664,-0.0520922569801351,69.46885541504406,-0.022229761880486303
2022-07-07,73.18000030517578,75.1500015258789,72.7699966430664,75.04000091552734,75.04000091552734,10739800,PYPL,72.4585712977818,75.50619107200986,2.961345806761031,4.419359366362083,84.34490980473402,66.6674723392857,74.44764230561543,4.304605500070604,75.64514958605767,0.05082826237590314,67.48736485537998,-0.052357392357313196,70.07228479792887,-0.01309253928120113
2022-07-08,73.12000274658203,74.76000213623047,71.83000183105469,73.43000030517578,73.43000030517578,11734500,PYPL,72.68857138497489,74.78428649902344,2.7970156959034824,3.2684196424070766,81.32112578383759,68.24744721420929,73.76921430532234,4.282620582420624,75.54852343566102,0.046847222787223336,67.75393826227739,-0.051064643781130306,70.90134669302007,-0.00333439240896237
2022-07-11,72.66000366210938,73.27999877929688,70.06999969482422,70.47000122070312,70.47000122070312,10854700,PYPL,72.54571424211774,73.97285788399833,2.491434777585468,2.3836342384903912,78.74012636097912,69.20558940701754,71.5697389155762,4.240895022276448,75.4704351115967,0.0425366301005314,68.26165283558338,-0.04826969634441143,71.92787905362462,0.006375167152985508
2022-07-12,70.45999908447266,72.51000213623047,70.45999908447266,71.43000030517578,71.43000030517578,12294900,PYPL,72.77285766601562,73.36904834565662,2.608243120838523,1.9863401843527126,77.34172871436205,69.3963679769512,71.47657984197592,4.254619313090355,75.41231999556423,0.0379267982930905,69.01268038442184,-0.04409711321768128,73.11532241837314,0.015406441733865746
2022-07-13,69.22000122070312,72.06999969482422,68.51000213623047,71.36000061035156,71.36000061035156,12037000,PYPL,72.76714324951172,72.99095299130394,2.8666739428862513,2.01573178950324,77.02241657031043,68.95948941229746,71.39886035422636,4.253624928544053,75.37571609927538,0.0330507282025494,70.0045295339471,-0.038731506383247384,74.42087497154607,0.023216880172073472
2022-07-14,70.5199966430664,70.8499984741211,68.70999908447266,69.55000305175781,69.55000305175781,9822500,PYPL,72.07428632463727,72.7923816499256,2.7267938199859145,2.1536136845251583,77.09960901897591,68.48515428087529,70.16628881924733,4.227563450527036,75.36225432294069,0.027943912921094608,71.2297823503786,-0.032403825148793634,75.79828506184226,0.029382103679417976
2022-07-15,70.52999877929688,74.0,70.25,73.91000366210938,73.91000366210938,14155300,PYPL,72.17000143868583,72.86142948695591,2.8964967885752912,2.0522699432821874,76.9659693735203,68.75688960039153,72.66209871448869,4.289225854046144,75.37364821274308,0.022644111131295944,72.6759241257446,-0.025374574570365047,77.20098711673694,0.03361052358295761
2022-07-18,75.11799621582031,76.55999755859375,73.61000061035156,74.12999725341797,74.12999725341797,14053100,PYPL,72.04000091552734,72.78047688802083,2.3454150839214947,2.0444086183927186,76.86929412480626,68.6916596512354,73.64069774044155,4.292238641725331,75.4116834916806,0.017191086987496336,74.32530357084791,-0.017916126110128824,78.58525307187122,0.03574451757773974
2022-07-19,75.45999908447266,77.9000015258789,74.31999969482422,77.73999786376953,77.73999786376953,11531800,PYPL,72.6557148524693,73.09047662644159,2.0904599668894406,2.317818628539161,77.7261138835199,68.45483936936327,76.37356448932688,4.340423056981558,75.47820763087613,0.011626315809228868,76.15525201995567,-0.010296195195983827,79.9130553127577,0.035752524009095975
2022-07-20,76.87999725341797,80.30999755859375,76.8499984741211,80.23999786376953,80.23999786376953,13929300,PYPL,74.05142865862165,73.44000026157924,1.8595927550089328,2.804350070537378,79.04870040265399,67.8313001205045,78.95118673895531,4.372481194871359,75.57511971195952,0.005992655675039314,78.1383765642324,-0.0027641020188596955,81.15439858168152,0.033716290930161125
2022-07-21,79.79000091552734,84.12999725341797,79.72000122070312,82.75,82.75,17900400,PYPL,75.66857147216797,73.93428584507534,1.4340457946771181,3.479636451292463,80.89355874766026,66.97501294249041,81.4837289129851,4.403665809777363,75.70436080521308,0.00033398596279769955,80.24302674174143,0.0044592386411970684,82.28895674553483,0.029816441622888445
2022-07-22,82.6500015258789,84.51000213623047,80.3499984741211,81.05000305175781,81.05000305175781,12379700,PYPL,77.05285753522601,74.31904783703033,0.5521040257212206,3.8206398199545566,81.96032747693944,66.67776819712121,81.19457833883358,4.382651477565869,75.86790505297695,-0.005305185056268273,82.43392069648053,0.01118735015479323,83.30693097590185,0.024318095039620156
2022-07-25,80.8499984741211,82.27999877929688,79.04000091552734,81.6500015258789,81.6500015258789,11219000,PYPL,78.78142874581474,74.692381359282,0.157966507441472,4.096244917316834,82.88487119391566,66.49989152464833,81.4981937968638,4.390118823490981,76.06775160392012,-0.010880140338019411,84.67290661235107,0.017270574792682816,84.2091204025659,0.017556949445916174
2022-07-26,80.02999877929688,80.22000122070312,76.70999908447266,77.04000091552734,77.04000091552734,13245400,PYPL,79.22857121058873,74.66190519787017,-0.35884180904245966,4.123285117492457,82.90847543285508,66.41533496288525,78.52606520930617,4.331259529660304,76.30591749224459,-0.016346397526336928,86.9198293712493,0.022595497798426453,85.00626029623997,0.009925244252025395
2022-07-27,83.0999984741211,87.0199966430664,81.36000061035156,86.41999816894531,86.41999816894531,30554900,PYPL,80.98428562709263,75.16095261346726,-0.5712262442579998,4.836334358294005,84.83362133005527,65.48828389687925,83.78868718239893,4.447580243977419,76.58443149826637,-0.021660170269855665,89.1334703045876,0.027082267208630263,85.71773321514758,0.0018564607711445975
2022-07-28,85.54000091552734,86.5,83.3499984741211,85.86000061035156,85.86000061035156,12476500,PYPL,82.14428601946149,75.82952408563523,-1.1101461461690576,5.282033804706864,86.39359169504895,65.2654564762215,85.16956280103402,4.441002846966632,76.90532896514213,-0.02677884088037596,91.27252854345372,0.03068064755253407,86.36979203666037,-0.006192465029835816
2022-07-29,86.5199966430664,87.62000274658203,84.81999969482422,86.52999877929688,86.52999877929688,12115700,PYPL,83.04285757882255,76.54666682652065,-1.6172179538045839,5.56076293229875,87.66819269111815,65.42514096192315,86.07652011987592,4.448867177320468,77.27064748325917,-0.03166143691823786,93.29661467132833,0.03336552256220644,86.9934472166541,-0.013762276603687913
2022-08-01,87.05000305175781,89.20999908447266,85.2699966430664,88.56500244140625,88.56500244140625,11710200,PYPL,83.87357221330915,77.43833378383091,-1.926751037204653,5.979033398826062,89.39640058148304,65.48026698617879,87.73550833422946,4.472381402605701,77.6824232917809,-0.03626910356105701,95.16723021532351,0.03513239085089096,87.62216261664052,-0.020415962931261876
2022-08-02,87.11000061035156,90.66999816894533,86.91000366210938,89.62999725341797,89.62999725341797,19673900,PYPL,85.09928567068917,78.30642881847564,-2.060382366404113,6.4800875018668656,91.26660382220936,65.34625381474191,88.9985009470218,4.484470369761002,78.14268818905971,-0.040565563091093514,96.84870938750616,0.03599322456147345,88.28947757303555,-0.025765776446846095
2022-08-03,101.13999938964844,101.9469985961914,97.2699966430664,97.91999816894533,97.91999816894533,53766800,PYPL,87.42357090541294,79.42642865862165,-3.6572683829782875,7.666627417517294,94.75968349365624,64.09317382358705,94.94616576163749,4.573885877055891,78.65346669315582,-0.04451755255093476,98.30910213241008,0.03597291118215035,89.02663604522913,-0.02950056450485264
2022-08-04,97.9000015258789,98.41000366210938,94.47000122070312,96.9800033569336,96.9800033569336,20145900,PYPL,90.2721426827567,80.55690511067708,-4.4745748439762565,8.485319717744863,97.52754454616681,63.58626567518735,96.30205749183489,4.564139871405444,79.21677315348006,-0.04809523058589226,99.52097990065838,0.035106384245171915,89.86027034902925,-0.03141030616807299
2022-08-05,95.23999786376952,96.98999786376952,94.41000366210938,95.31999969482422,95.31999969482422,12281500,PYPL,91.54357147216797,81.52261933826264,-4.78813857682205,8.882666285696809,99.28795190965626,63.75728676686903,95.64735229382778,4.546693252993579,79.8346084872274,-0.05127254472427598,100.46214772816964,0.03343646988760656,90.81017241038636,-0.03140428006566812
2022-08-08,96.3499984741211,98.94000244140624,95.31999969482422,96.26000213623048,96.26000213623048,19557500,PYPL,93.02928597586495,82.60976228259858,-5.079470293435065,9.00303007007521,100.615822422749,64.60370214244816,96.05578552209624,4.5566100177979765,80.50895620193182,-0.054027550844658004,101.11624828018894,0.031012427773871868,91.88720030236043,-0.02951958814314283
2022-08-09,95.4499969482422,95.77999877929688,93.61000061035156,94.4800033569336,94.4800033569336,12357200,PYPL,94.16500091552734,83.75309571765717,-5.24425153178683,8.889392610578533,101.53188093881424,65.97431049650011,95.00526407865448,4.537747545581371,81.24177736962315,-0.05634267733569058,101.47324564245552,0.027889138835012976,93.0914117586342,-0.025917919096887343
2022-08-10,98.08999633789062,99.0,96.36000061035156,98.91000366210938,98.91000366210938,17077200,PYPL,95.64285823277065,85.06166730608258,-5.402649712079935,8.9019439207144,102.86555514751139,67.25777946465378,97.60842380095774,4.584048726768792,82.03500423939487,-0.05820492745527828,101.52977890522295,0.024126880630556888,94.41057529313595,-0.020870292942592114
2022-08-11,101.12000274658205,101.9499969482422,98.5500030517578,99.11000061035156,99.11000061035156,16441200,PYPL,96.9971444266183,86.38309587751117,-5.907177621935546,8.516855270522827,103.41680641855682,69.34938533646552,98.60947500722028,4.586089304396394,82.89053221351745,-0.059606014621703694,101.28937805263286,0.019791626587542722,95.81925902232237,-0.014731657177100947
2022-08-12,100.5479965209961,101.77999877929688,100.01000213623048,101.0999984741211,101.0999984741211,12320900,PYPL,97.45143018450055,87.88547661190941,-6.02264255058725,8.449462397572074,104.78440140705356,70.98655181676526,100.26982398515416,4.606169671077629,83.81020996643417,-0.06054242679318756,100.7625373702495,0.01495580156474718,97.27871182522087,-0.007909021151102827
2022-08-15,100.72000122070312,102.22000122070312,100.47000122070312,101.51000213623048,101.51000213623048,10125600,PYPL,98.09857286725726,89.19976225353423,-6.034273420295037,8.198656114533058,105.59707448260035,72.80245002446811,101.09660941920504,4.610257246290558,84.79582755405305,-0.061015417681368866,99.9666445187506,0.009699417546613309,98.73771583345707,-0.0008277876238475426
2022-08-16,102.56999969482422,103.02999877929688,100.16000366210938,102.08000183105467,102.08000183105467,14123800,PYPL,99.06428745814732,90.5307148524693,-6.208009364978125,8.096178590652881,106.72307203377507,74.33835767116354,101.75220436043814,4.615912300634899,85.84910243983714,-0.061030924258479696,98.92576656743118,0.00411149473766546,100.1345053632474,0.006099189989326404
2022-08-17,100.0500030517578,101.0,99.0199966430664,99.41999816894533,99.41999816894533,10651100,PYPL,99.51571546282086,91.56309581938244,-6.088310270241834,7.866010602727615,107.29511702483767,75.83107461392721,100.19740023277626,4.589244016833335,86.97166345075374,-0.060599411810416955,97.67029758622748,-0.0017083596767150416,101.39973332198164,0.012496410732985712
2022-08-18,98.7519989013672,100.62999725341795,97.16000366210938,99.86000061035156,99.86000061035156,11268500,PYPL,100.28428649902344,92.49738166445778,-5.70004029672377,7.721347295489022,107.94007625543583,77.05468707347973,99.97246715115979,4.593704714052711,88.16503276609212,-0.05973564960398561,96.23647577484584,-0.007648394036057167,102.46034775377403,0.01804264967707589
2022-08-19,97.88999938964844,98.43000030517578,95.9000015258789,96.55999755859376,96.55999755859376,11274700,PYPL,99.94857134137837,93.15500059581939,-5.430085019448967,7.222337673048071,107.59967594191554,78.71032524972324,97.69748742278244,4.559754296909197,89.43060613115281,-0.0584584220151226,94.66578143077318,-0.013583426062340325,103.24414199935299,0.022479968716590932
2022-08-22,94.0500030517578,95.29499816894533,93.12999725341795,93.58000183105467,93.58000183105467,12384400,PYPL,99.1585715157645,93.75166720435733,-4.801828765762252,6.638560332410866,107.02878786917907,80.4745465395356,94.95249702829726,4.528073155381205,90.7696315714598,-0.05679018163976203,93.00423012693271,-0.019374166962867406,103.68467593627604,0.02561610563113922
2022-08-23,93.02999877929688,95.29000091552734,92.37999725341795,93.1999969482422,93.1999969482422,11397500,PYPL,98.0299998692104,94.30166698637463,-4.131464425469886,5.260329046402908,104.82232507918044,83.78100889356881,93.78416364159388,4.523960097463222,92.18318695732897,-0.05475665241187693,91.30157800202888,-0.024867591568423733,103.72623609091865,0.027322286844469336
2022-08-24,93.12000274658205,95.7699966430664,93.0199966430664,93.76000213623048,93.76000213623048,8957700,PYPL,96.92285701206752,95.09785752069382,-3.5295955793198317,4.858844440584777,104.81554640186337,85.38016863952427,93.76805597135161,4.530015535416982,93.6721568297286,-0.05238639201764996,89.61045768819817,-0.029898874420939615,103.32850442718805,0.027528724266605433
2022-08-25,94.13999938964844,96.76000213623048,93.9499969482422,96.72000122070312,96.72000122070312,8169100,PYPL,96.15714263916017,95.58833385649181,-2.948192525491237,4.295231322103835,104.17879650069949,86.99787121228414,95.73601947091929,4.561427275793026,95.23720894353191,-0.04971032386073218,87.98546367451888,-0.03429544732676585,102.47063140411117,0.026219888856536023
2022-08-26,96.8949966430664,97.45500183105467,92.62999725341795,92.6999969482422,92.6999969482422,12286500,PYPL,95.19714246477399,95.91404796781994,-3.15130177855805,3.7620995126620884,103.43824699314412,88.38984894249576,93.71200445580122,4.518522345982617,96.8787710115826,-0.04676124945268389,86.48220442522933,-0.037883669852528744,101.15445088502263,0.023431280304477404
2022-08-29,91.0250015258789,93.97000122070312,90.9499969482422,92.66000366210938,92.66000366210938,11062900,PYPL,94.16857147216797,96.20595296223958,-2.4222132469062245,3.4090712987279903,103.02409555969555,89.3878103647836,93.01067059333998,4.518086119034167,98.59700814159534,-0.04357335234268186,85.15633514921831,-0.04049838102884052,99.40662722229116,0.019248953999359494
2022-08-30,93.27999877929688,94.5199966430664,90.75,91.8000030517578,91.8000030517578,8773000,PYPL,93.4885722569057,96.36000061035156,-2.215380370101556,3.2043493423943055,102.76869929514018,89.95130192556294,92.20355889895187,4.508659319216914,100.39180144802967,-0.04018170454889553,84.06258005425327,-0.04199516941938035,97.27958522213399,0.013812548555606178
2022-08-31,95.43499755859376,96.37999725341795,93.2300033569336,93.44000244140624,93.44000244140624,14585800,PYPL,93.46857234409877,96.5414294288272,-2.2550082034723857,3.270229003090084,103.08188743500737,90.00097142264703,93.02785459392145,4.526559811816892,102.26272829395448,-0.03662178591988156,83.25374729122227,-0.04226455522005963,94.85114032432139,0.007321900582401032
2022-09-01,92.2519989013672,92.86000061035156,89.79399871826172,92.66000366210938,92.66000366210938,10452100,PYPL,93.3914304460798,96.29095349993024,-1.8511781263476763,3.375905448060775,103.0427643960518,89.53914260380868,92.78262063938007,4.518086119034167,104.2090445757134,-0.032929025969099,82.77973555982612,-0.04124650277845033,92.22281858766638,4.636852559347103e-05
2022-09-02,93.70999908447266,94.06999969482422,90.61000061035156,91.12999725341795,91.12999725341795,8673500,PYPL,93.01571546282086,96.01238178071522,-1.8466828965931512,3.5619643774348937,103.13631053558501,88.88845302584542,91.68087171540533,4.501253042094757,106.229669408766,-0.029138376540272858,82.6865310313355,-0.03894296797778914,89.5169328696919,-0.007665493458870986
2022-09-06,91.16000366210938,92.20700073242188,89.81099700927734,91.61499786376952,91.61499786376952,9198900,PYPL,92.2864292689732,95.83595312209357,-1.423284944196439,3.696247686996343,103.22844849608626,88.44345774810088,91.63695581431479,4.506619738684014,108.32317250972181,-0.025283922242915497,83.0151990098043,-0.035425819140690505,86.8725595862453,-0.015380377194612157
2022-09-07,91.87999725341795,95.55500030517578,91.76000213623048,94.97000122070312,94.97000122070312,9529700,PYPL,92.61071559361048,95.77452450706845,-0.9324074855995264,3.688550839775454,103.15162618661935,88.39742282751754,93.85898608524035,4.542975595385323,110.48776450081682,-0.02139853402365914,83.80088703592018,-0.03083774136987412,84.44063145748717,-0.022585708944890603
2022-09-08,93.5999984741211,96.3769989013672,93.37000274658205,96.16999816894533,96.16999816894533,10113300,PYPL,93.11214338030133,95.85500045049758,-0.6777043458688183,3.6187176162805796,103.09243568305874,88.61756521793643,95.39966080771033,4.555664746844421,112.72129029236064,-0.017513569592545263,85.0718725036447,-0.025384780521370585,82.37841022574017,-0.0287148894458597
2022-09-09,96.1999969482422,97.2699966430664,95.66000366210938,96.2300033569336,96.2300033569336,12020100,PYPL,93.74500056675502,95.72738138834636,-0.8366946680807672,3.532244466010302,102.79187032036697,88.66289245632575,95.9532225071925,4.556295053456753,115.02122562918515,-0.013658622784865928,86.84870306162314,-0.019320849392608943,80.84360787886523,-0.03319995914435112
2022-09-12,97.27999877929688,99.3000030517578,96.8499984741211,97.6500015258789,97.6500015258789,11236300,PYPL,94.34642900739398,95.65785762241909,-1.0123518771845852,3.3255596733719135,102.30897696916291,89.00673827567526,97.0844085196501,4.571096221442016,117.38467682157416,-0.009861322382111464,89.14348586311357,-0.012926335836014954,79.98836860023046,-0.03555288192158138
2022-09-13,94.19000244140624,97.36000061035156,93.8000030517578,95.01000213623048,95.01000213623048,15105400,PYPL,94.68214307512555,95.36785779680524,-0.8543931778474274,2.996926719235089,101.36171123527542,89.37400435833506,95.70147093070369,4.5434011823138984,119.80838362171207,-0.0061471795018640425,91.9593778383017,-0.00648430051177298,79.95321789180879,-0.035463666704716075
2022-09-14,96.76000213623048,97.84500122070312,95.52999877929688,97.66000366210938,97.66000366210938,15117200,PYPL,95.61500113351005,95.18452453613281,-0.9106431192379887,2.587004310171983,100.35853315647678,90.01051591578884,97.00715941830748,4.5711997043034405,122.28872515487218,-0.002539481443120349,95.29031369754708,-0.00025815009351696545,80.86099193576565,-0.03288794827503788
2022-09-15,95.0999984741211,98.9800033569336,95.0199966430664,96.4000015258789,96.4000015258789,15043100,PYPL,96.29857308523997,94.91404833112445,-0.772027772647462,2.385911845108647,99.68587202134174,90.14222464090716,96.60238749002177,4.558078594448778,124.82172877128046,0.0009407711286662099,99.12098596917693,0.005525979713867734,82.81077622268951,-0.028088432743904424
2022-09-16,94.9000015258789,94.9499969482422,91.8499984741211,94.0,94.0,17490500,PYPL,96.16000148228238,94.65595318022228,-0.7868222493510899,2.0541934578801517,98.76434009598259,90.54756626446198,94.86746249667392,4.532599493153256,127.40308165014848,0.0042748875388951705,103.42706888408281,0.010690282459323132,85.87206200007496,-0.02160444858725251
2022-09-19,93.0,95.1449966430664,92.62999725341795,95.02999877929688,95.02999877929688,10977500,PYPL,95.9971444266183,94.42595309302921,-0.4310990224374649,1.9970473753196538,98.42004784366851,90.4318583423899,94.97582001842255,4.5436138673069255,130.02814496158982,0.007446475416166384,108.1756611546018,0.015109508966430653,90.07959519717656,-0.01415197535933202
2022-09-20,92.12999725341795,93.51000213623048,90.3949966430664,91.62999725341795,91.62999725341795,15905800,PYPL,95.34000069754464,94.19119117373512,-0.24235718004308637,2.080880837596603,98.35295284892833,90.02942949854192,92.74527150841948,4.50678525376125,132.69197037443462,0.01044139867975998,113.32591423569515,0.018709366595669734,95.42955590393262,-0.0064874287952835785
2022-09-21,93.06999969482422,95.63999938964844,91.12999725341795,91.18000030517578,91.18000030517578,14457900,PYPL,94.41571480887276,94.07690538678851,-0.2753674854175756,2.179757124563871,98.43641963591625,89.71739113766077,91.70175737292368,4.501807676377012,135.389318687475,0.013247710028627957,118.82981168905651,0.021460797681111865,101.87762242121113,0.0007183571667552381
2022-09-22,90.8550033569336,91.5,87.0999984741211,87.66000366210938,87.66000366210938,12996900,PYPL,93.36571502685547,93.81309618268695,-0.23960245003678438,2.6160043491244447,99.04510488093584,88.58108748443806,89.00725489904748,4.461992458570121,138.11468035736968,0.015855562692010088,124.63306897574216,0.02337198337811183,109.33917972620006,0.006961244660173279
2022-09-23,86.91999816894531,87.62999725341797,85.68000030517578,86.97000122070312,86.97000122070312,12175900,PYPL,91.83857182094029,93.48976280575707,0.3090129696878847,2.93528972650601,99.3603422587691,87.61918335274504,87.64908578015125,4.453998412385528,140.86229769718892,0.018257105995055558,130.67612828171917,0.02447965625541868,117.69160369061278,0.011930449780445308
2022-09-26,87.06500244140625,89.08000183105469,84.12999725341797,84.26000213623047,84.26000213623047,16936400,PYPL,90.10428619384766,92.89642951602028,0.5128391619917352,3.5687189691263157,100.03386745427291,85.75899157776765,85.38969668420407,4.421968267424173,143.62618852428295,0.02044636897862978,136.89522760303808,0.024840853533498193,126.77833963521516,0.0154924164853665
2022-09-27,85.3499984741211,87.69499969482422,84.58000183105469,85.75,85.75,11627600,PYPL,88.92571476527623,92.5654772803897,1.0089388881032448,3.911812284406505,100.38910184920272,84.74185271157668,85.6298988947347,4.43970574626056,146.4001710437525,0.02241913592258822,143.22352624883234,0.024525775045938013,136.4144248155478,0.017651978753372977
2022-09-28,85.83000183105469,91.6500015258789,85.55999755859375,91.12000274658205,91.12000274658205,14925900,PYPL,88.36714390345982,92.49214390345982,1.7146128651113912,3.9217150493376884,100.33557400213519,84.64871380478445,89.2899681292996,4.501142146040985,149.17788976336485,0.024172817185198196,149.5922700854553,0.023612025456458473,146.39311965870792,0.01850839891009847
2022-09-29,89.66999816894531,90.55999755859376,87.70999908447266,88.69999694824219,88.69999694824219,10772500,PYPL,87.94857243129185,92.34452456519718,1.5382081432811532,4.005941409154469,100.35640738350611,84.33264174688824,88.89665400859467,4.473921864580443,151.9528422464777,0.02570631831326032,155.93197969611,0.02218025360722611,156.49334447858143,0.01821689559414664
