Date,Open,High,Low,Close,Adj Close,Volume,MA7,MA21,MACD,20SD,upper_band,lower_band,EMA,logmomentum,absolute of 3 comp,angle of 3 comp,absolute of 6 comp,angle of 6 comp,absolute of 9 comp,angle of 9 comp
2021-10-28,356.10333251953125,360.3333435058594,351.3999938964844,359.0133361816406,359.0133361816406,81639600,325.1271405901228,287.4096839541481,-9.269894682607514,32.58009861448109,352.5698811831103,222.2494867251859,353.51080515373087,5.88057023761089,335.4437430609047,0.010029327085052,339.65391274341334,0.0068312727119154,336.43302102625535,-0.0019661473735141
2021-10-29,360.6199951171875,371.7366638183594,357.7366638183594,371.3333435058594,371.3333435058594,89755200,336.9461887904576,292.78301711309524,-10.609662345615789,36.566907511619256,365.91683213633377,219.64920208985671,365.3924973888618,5.914403528440087,337.0108105222008,0.012645137934235,344.28104347865843,0.0051180598655727,341.5537321931532,-0.0037803905164383
2021-11-01,381.6666564941406,403.25,372.88665771484375,402.86334228515625,402.86334228515625,168146100,351.9266662597656,299.6619059244792,-11.860445659938025,42.90698909028314,385.4758841050455,213.8479277439129,390.3730606533235,5.9961120862604815,338.5647952897105,0.01515435666982,348.6934428177317,0.0033192875042912,346.60681823520474,-0.0053218978515389
2021-11-02,386.4533386230469,402.86334228515625,382.0,390.6666564941406,390.6666564941406,128213400,364.41809517996654,305.8598414829799,-14.295168630143904,46.07865546825811,398.01715241949614,213.7025305464637,390.5687912138689,5.965291646698246,340.1017771466977,0.0175420800661514,352.83841479941725,0.0014802411585291,351.53089352013103,-0.0065114025243226
2021-11-03,392.4433288574219,405.1300048828125,384.2066650390625,404.6199951171875,404.6199951171875,103885500,373.41809517996654,312.73714338030135,-15.71666230051801,49.41050264807828,411.5581486764579,213.9161380841448,399.936260482759,6.000473829168021,341.6175625107545,0.0197944142467496,356.6680606546334,-0.0003549541204478,356.2628066760733,-0.0072923541192129
2021-11-04,411.4700012207031,414.4966735839844,405.6666564941406,409.9700012207031,409.9700012207031,76192200,383.4885733468192,319.83492170061385,-18.992951694366692,52.1668965362035,424.1687147730208,215.50112862820689,406.6254209747244,6.0136418067041575,343.1077149969819,0.0218985423409644,360.14009922125416,-0.002144033366963,360.7383863598663,-0.0076327909538095
2021-11-05,409.3333435058594,413.2900085449219,402.6666564941406,407.36334228515625,407.36334228515625,64886400,392.2614310128348,326.63619123186385,-21.26105927386345,53.38006575625478,433.3963227443734,219.8760597193543,407.11736851501234,6.007247691125921,344.5675887395788,0.0238427805083457,363.2185767834218,-0.0038471666606601,364.8933429784804,-0.0075257794045639
2021-11-08,383.2633361816406,399.0,377.6666564941406,387.6466674804688,387.6466674804688,100337100,396.3519069126674,332.62746175130206,-20.465068314092093,52.50041078053098,437.628283312364,227.6266401902401,394.13690115864944,5.957511272061399,345.992364037533,0.0256166224635788,365.8744527315056,-0.0054274347042114,368.66433118790286,-0.0069885436941609
2021-11-09,391.2000122070313,391.5,337.17333984375,341.1666564941406,341.1666564941406,177317400,392.0423801967076,336.3030162992932,-24.638805402485787,50.04089478226214,436.3848058638175,236.2212267347689,358.82340471564305,5.829435663677255,347.3770848771443,0.027210772830428,368.0860496340613,-0.0068512300883603,371.99017798462654,-0.0060604647260257
2021-11-10,336.8033447265625,359.3666687011719,329.10333251953125,355.9833374023437,355.9833374023437,128408100,385.3452366420201,340.4653974260603,-18.61065417713968,47.38980092554903,435.2449992771584,245.68579557496224,356.9300265067768,5.872070851479039,348.716697879802,0.0286171698243915,369.8393588408134,-0.0080886072040723,374.8132789397684,-0.004800161018203
2021-11-11,367.5899963378906,368.3233337402344,351.5599975585937,354.5033264160156,354.5033264160156,67189800,380.1790466308594,344.47222319103423,-18.314495915302015,44.353816746160696,433.1798566833557,255.76458969871285,355.3122264462693,5.86789289523865,350.006092227116,0.0298289979075424,371.1281955418708,-0.0091136002817859,377.081158500546,-0.0032818796807042
2021-11-12,349.1666564941406,351.5,339.7333374023437,344.47332763671875,344.47332763671875,76719300,371.58666556222096,347.88650803338913,-16.00080647697291,41.481830586886026,430.8501692071612,264.9228468596171,348.0862939065689,5.839109459846179,351.2401401263448,0.0308406911735018,371.9542002305138,-0.0099045245891187,378.74817810126007,-0.0015914228860301
2021-11-15,339.2099914550781,343.99334716796875,326.20001220703125,337.7966613769531,337.7966613769531,104326800,361.2761884416853,350.59063430059524,-13.064336065512464,39.078768605337565,428.7481715112704,272.4330970899201,341.2265388868251,5.819479369542773,352.41373739612897,0.0316479283051104,372.32668668745725,-0.0104442706772855,379.7773581331351,0.0001781815953751
2021-11-16,334.4366760253906,352.3999938964844,334.0599975585937,351.57666015625,351.57666015625,79627200,353.3066624232701,353.5211094447545,-8.795371568826226,35.92721501441257,425.3755394735796,281.66667941592937,348.1266197331083,5.859579399125284,353.52184377482854,0.0322476200027096,372.2623398535736,-0.010720595918808,380.1422579738808,0.0019310847973519
2021-11-17,354.5033264160156,373.21331787109375,351.8333435058594,363.0033264160156,363.0033264160156,94336200,349.7861851283482,357.08841087704616,-7.334514000933723,32.1477441824834,421.38389924201294,292.7929225120794,358.0444241883799,5.891653400778071,354.55952258025667,0.0326378898085485,371.78477021452994,-0.0107264115638114,379.8288347360135,0.0035729488634605
2021-11-18,368.8500061035156,370.6666564941406,358.3399963378906,365.4599914550781,365.4599914550781,62696700,353.2566615513393,360.7484101795015,-8.02242265027786,28.585190758585743,417.918791696673,303.57802866233,362.988135699512,5.898416782612477,355.5219793793,0.0328180492549483,370.9239345123957,-0.01046005729843,378.83717932846304,0.0050150957289883
2021-11-19,366.2900085449219,379.5733337402344,364.23333740234375,379.0199890136719,379.0199890136719,64926900,356.54761178152904,364.6065048944382,-7.048266984616191,24.90764524382323,414.4217953820847,314.79121440679177,373.6760379089519,5.934947075209988,356.40459935787834,0.0327885682432936,369.7154356519826,-0.0099255490023772,377.1830112123328,0.0061783925034101
2021-11-22,387.4433288574219,400.6499938964844,377.4766540527344,385.6233215332031,385.6233215332031,99217500,360.99332536969865,368.5301557268416,-8.796700056787756,24.423721851123137,417.3775994290878,319.6827120245953,381.6408936584528,5.95226446972811,357.20298311503353,0.0325510415208215,368.1997175062685,-0.009132779347286,374.8988039345206,0.0069968168210541
2021-11-23,389.1700134277344,393.5,354.2333374023437,369.6766662597656,369.6766662597656,108515100,364.5938023158482,369.8661876860119,-11.59519288329352,23.355584663245583,416.5773570125031,323.15501835952074,373.664742059328,5.909920016716581,357.9129806388965,0.0321081520658151,366.42117286403726,-0.0080976454451647,372.03441446748167,0.0074206546422876
2021-11-24,360.1300048828125,377.5899963378906,354.0,372.0,372.0,67680600,369.47999354771207,371.41491844540553,-9.229401984727872,22.57599581218321,416.566910069772,326.2629268210391,372.5549140197761,5.916202062607435,358.5307232561537,0.0314636321224821,364.42718491685065,-0.0068420734704275,368.6571018517344,0.0074192747501476
2021-11-26,366.489990234375,369.5933227539063,360.3333435058594,360.6400146484375,360.6400146484375,35042700,370.7747584751674,372.1142839704241,-8.992532287734036,22.527014631568434,417.168313233561,327.0602547072872,364.61164777221705,5.885103571847407,359.0526533798631,0.0306222225476429,362.26712435996274,-0.0053939076798831,364.8508447107056,0.0069833968043633
2021-11-29,366.9966735839844,380.8900146484375,366.7300109863281,378.9966735839844,378.9966735839844,58393500,373.0595223563058,373.0658714657738,-7.433405674882806,22.56644315264805,418.1987577710699,327.9329851604777,374.20166498006193,5.9348853955384975,359.4755519125736,0.0295896310452871,359.9913252894222,-0.0037866312523658,360.7149017373152,0.006126724849764
2021-11-30,381.4566650390625,389.3333435058594,372.6666564941406,381.586669921875,381.586669921875,81276000,375.3633335658482,373.5541251046317,-8.015508010437088,21.5716784567702,416.6974820181721,330.4107681910913,379.1250016079373,5.941713930396558,359.7965631922989,0.0283724897746995,357.6500635263377,-0.0020588895546571,356.3616019364136,0.0048867619194684
2021-12-01,386.8999938964844,390.9466552734375,363.586669921875,365.0,365.0,68450400,373.36047799246654,371.75110880533856,-10.487453520534643,21.16797160983928,414.0870520250171,329.41516558566,369.7083338693124,5.8971538676367405,360.0132173976992,0.0269783127254855,355.2925607141483,-0.0002537933607255,351.9133989457011,0.0033245662501525
2021-12-02,366.3533325195313,371.0,352.2166748046875,361.5333251953125,361.5333251953125,73114800,369.9190499441965,370.3638073149182,-9.658217007908036,19.686079748912903,409.735966812744,330.9916478170924,364.2583280866458,5.8875843940484165,360.12345035562095,0.0254154531603597,352.9660364676856,0.0015820095400629,347.49927208660284,0.0015231748500206
2021-12-03,361.5966796875,363.5266723632813,333.4033203125,338.3233337402344,338.3233337402344,92322000,365.4400024414063,367.20682343982514,-9.992211608172797,18.2369461824982,403.6807158048216,330.73293107482874,346.9683318557049,5.82104191767739,360.1256207187682,0.0236930613355945,350.71482899751066,0.0033994912091066,343.25060144029686,-0.0004155694965196
2021-12-06,333.836669921875,340.5466613769531,316.8333435058594,336.336669921875,336.336669921875,81663000,360.3452410016741,363.7004743303572,-6.286055477187176,16.3893197838268,396.4791138980108,330.92183476270355,339.88055723315165,5.815135012007307,360.01852450365993,0.0218210426207962,348.57960203869834,0.0051486080344843,339.29668082678256,-0.0023759703181393
2021-12-07,348.0666809082031,352.5566711425781,342.2699890136719,350.5833435058594,350.5833435058594,56084700,358.90857369559154,360.9966648646764,-4.389609494944011,15.34122689454697,391.6791186537703,330.3142110755824,347.0157480816235,5.856741998212308,359.8014069990875,0.0198100160551692,346.5966526942619,0.0067798325792708,335.7600575026628,-0.0042352200556584
2021-12-08,350.9033203125,357.4599914550781,344.3333435058594,356.32000732421875,356.32000732421875,41906400,355.66904994419644,359.50491914295014,-2.82664126735267,14.742091520543708,388.9891021840376,330.0207361018627,353.218587576687,5.8730188125145215,359.4739720730197,0.0176712732973537,344.7973311401593,0.008245793482923,332.7518986933648,-0.0058716837850895
2021-12-09,353.5466613769531,354.163330078125,334.1199951171875,334.6000061035156,334.6000061035156,59438400,348.95666939871654,359.19222150530135,-3.558769914094512,15.817146114335175,390.8265137339717,327.557929276631,340.8061999279061,5.8099426887805015,359.0363889213094,0.015416737850812,343.2075792671829,0.0095029476010567,330.3675830163483,-0.0071741540275521
2021-12-10,336.25,340.32666015625,327.510009765625,339.010009765625,339.010009765625,59664300,345.24381365094865,358.3839678083147,-1.3137647974685365,16.434504026106058,391.2529758605268,325.5149597561026,339.6087398197187,5.823075509735711,358.4892963146524,0.0130589243769776,341.84759152292304,0.0105131970032588,328.6827021818326,-0.0080511901769252
2021-12-13,333.6966552734375,335.0,317.1400146484375,322.1366577148437,322.1366577148437,78595500,339.615718296596,356.8426978701637,-0.3889679997029702,18.11636193807164,393.075421746307,320.60997399402044,327.9606850831354,5.771866757503213,357.8338044110735,0.0106108978442479,340.7315977304852,0.0112453588147841,327.7496396576113,-0.0084394333210453
2021-12-14,315.0,322.1366577148437,310.0,319.5033264160156,319.5033264160156,70806300,336.9271458217076,355.65365019298736,2.8858871764383025,19.565304119036195,394.78425843105975,316.52304195491496,322.3224459717222,5.763632918964008,357.07149420979835,0.0080862322026629,339.8677647245411,0.0116763994593439,327.5948731115448,-0.0083097481306329
2021-12-15,317.7366638183594,326.25,309.4166564941406,325.3299865722656,325.3299865722656,75169200,335.3547624860491,355.0599990118118,5.487174934305585,20.75996700346437,396.5799330187405,313.54006500488305,324.3274730387511,5.781761474571333,356.2044147287625,0.0054989682220051,339.2582114071157,0.0117923568822648,328.2171294864584,-0.007670243226366
2021-12-16,331.5,331.6600036621094,307.2833251953125,308.97332763671875,308.97332763671875,82771500,329.4104745047433,353.0312688918341,4.202085690834849,23.081425248917483,399.194119389669,306.86841839399915,314.0913761040629,5.730013180641619,355.2350779922535,0.0028635700854137,338.89913033054546,0.0115888938935741,329.58650521950017,-0.0065656492245685
2021-12-17,304.92333984375,320.2200012207031,303.0133361816406,310.8566589355469,310.8566589355469,100437300,322.91571044921875,350.54809424990697,7.120383537312762,24.64803746422101,399.844169178349,301.25201932146496,311.93489799171886,5.736109800013232,354.16645191732846,0.0001948802918178,338.78100810038154,0.0110714508810743,331.64464551447026,-0.0050731033417662
2021-12-20,303.5666809082031,307.2300109863281,297.7966613769531,299.9800109863281,299.9800109863281,56480100,317.9699968610491,347.4299999418713,8.785842203448851,26.0154225618454,399.4608450655621,295.3991548181805,303.9649733214584,5.700376718267398,353.00195118776406,-0.0024919276108821,338.88893660026446,0.0102549940306173,334.3060498849067,-0.003294961763129
2021-12-21,305.6233215332031,313.1666564941406,295.3733215332031,312.84332275390625,312.84332275390625,71517900,314.23189871651783,344.2787301199777,10.596853569843972,25.237807986554447,394.7543460930866,293.8031141468688,309.88387294309024,5.742500891019012,351.74542620244057,-0.0051813989632204,339.20300705743034,0.0091633827349961,337.4605314810293,-0.0013496913590222
2021-12-22,321.8866577148437,338.5533447265625,319.01666259765625,336.2900085449219,336.2900085449219,93634200,316.2538059779576,341.9295247395833,11.230501943431534,24.416331227646644,390.7621871948766,293.09686228429,327.4879633443113,5.81499585447443,350.40115018132406,-0.0078578511177374,339.6987790590904,0.007828404104352,340.97680364698346,0.0006379173271192
2021-12-23,335.6000061035156,357.6600036621094,332.5199890136719,355.6666564941406,355.6666564941406,92713200,321.4199959891183,341.2623814174107,11.102980800034912,23.567153126555898,388.3966876705225,294.12807516429893,346.2737587775309,5.871178352551545,348.9738045067008,-0.0105054302684105,340.34781659318674,0.0062885410369202,344.7071021128752,0.0025460437968733
2021-12-27,357.8900146484375,372.3333435058594,356.9066772460937,364.6466674804688,364.6466674804688,71145900,327.0366646902902,340.9122227260045,8.347451046011315,23.77044651360995,388.4531157532244,293.37132969878456,358.5223645794895,5.896182702473502,347.46846237016763,-0.013108172498293,341.1182828838968,0.0045875517049586,348.4926824705075,0.0042637405995093
2021-12-28,369.8299865722656,373.0,359.47332763671875,362.8233337402344,362.8233337402344,60324000,334.7295227050781,341.0161903018044,4.197477395728129,22.61850027137492,386.2531908445542,295.7791897590545,361.3896773533194,5.891156064359286,345.8905707872627,-0.0156500695373505,341.9755851698633,0.0027729421272234,352.16996897074296,0.0056969267764218
2021-12-29,366.21331787109375,368.0,354.7133178710937,362.0633239746094,362.0633239746094,56154000,342.04476056780135,340.20984032040553,1.3182035674985857,21.05649529986418,382.3228309201339,298.09684972067714,361.8387751008461,5.889053355621925,344.24593103175863,-0.0181151396873837,342.8830596651628,0.0008944102798243,355.577080166895,0.0067723303390548
2021-12-30,353.77667236328125,365.1833190917969,351.04998779296875,356.7799987792969,356.7799987792969,47040900,350.15904453822543,339.028570265997,0.5192771803018559,20.5794632511166,380.18749676823023,297.8696437637638,358.4662575531466,5.874312558866062,342.5406775307887,-0.0204875043191578,343.8026858547213,-0.0009976687539986,358.5604248659986,0.0074395372021346
2021-12-31,357.8133239746094,360.6666564941406,351.5299987792969,352.260009765625,352.260009765625,40733700,355.78999982561385,338.4219040643601,-1.0363830680083197,20.1141413964609,378.6501868572819,298.1936212714383,354.3287590281322,5.8615267177952886,340.7812552504874,-0.0227514702764332,344.6958181580196,-0.0028536600118761,360.9810504924792,0.0076714878244677
2022-01-03,382.5833435058594,400.3566589355469,378.6799926757813,399.9266662597656,399.9266662597656,103931400,364.8809509277344,340.25015840076264,-2.5644367397675296,24.519000776027063,389.2881599528168,291.2121568487085,384.7273638492212,5.988777606162532,338.9743955900851,-0.0248916184304675,345.5239220136657,-0.0046259466476771,362.7204349253669,0.0074638322417231
2022-01-04,396.51666259765625,402.6666564941406,374.3500061035156,383.1966552734375,383.1966552734375,100248300,368.8138078962053,342.38698323567706,-6.92452704771074,26.290593449596745,394.96817013487055,289.8057963364836,383.70689146536535,5.945935280520987,337.1270907908794,-0.0268928985148006,346.24930074657965,-0.0062700423332073,363.6854399861414,0.0068335331135278
2022-01-05,382.2166748046875,390.11334228515625,360.336669921875,362.7066650390625,362.7066650390625,80119800,368.5366646902902,343.6426972888765,-9.73920330164242,26.619874041777564,396.8824453724316,290.40294920532136,369.7067405144968,5.890833565769373,335.2465668557704,-0.0287407302320494,346.8357992996517,-0.0077455257794737,363.812186956334,0.0058170272101721
2022-01-06,359.0,362.6666564941406,340.1666564941406,354.8999938964844,354.8999938964844,90336600,367.4047589983259,343.84825206938245,-9.065083018709515,26.585178221383902,397.0186085121503,290.67789562661466,359.83557610248846,5.869014370104976,333.3402549657103,-0.0304211104607256,347.24947111789675,-0.0090167969692203,363.0686683729925,0.004468148554088
2022-01-07,360.1233215332031,360.30999755859375,336.6666564941406,342.32000732421875,342.32000732421875,84164700,364.5842851911272,343.18158540271577,-9.589286426028425,26.509299335957845,396.20018407463147,290.16298673080007,348.1585302503086,5.832820475126894,331.41576137218584,-0.0319207262001085,347.45919519165113,-0.0100536638027414,361.4559724012077,0.0028559040578527
2022-01-10,333.3333435058594,353.0333251953125,326.6666564941406,352.7066650390625,352.7066650390625,91815000,364.00238037109375,344.0438072567894,-5.199441656149816,26.561059111678404,397.1659254801463,290.9216890334326,351.19062010947783,5.862797490221788,329.4808357404717,-0.0332270726751668,347.43723147725143,-0.0108317740288647,359.00806285263684,0.0010620901365155
2022-01-11,351.22332763671875,358.6166687011719,346.2733459472656,354.79998779296875,354.79998779296875,66063300,364.365234375,344.7957109723772,-4.076704106539239,26.12751409684057,397.0507391660584,292.54068277869607,353.5968652318051,5.868731747223052,327.5433379176733,-0.0343285757827809,347.1597045627094,-0.0113329107030666,355.79012598231463,-0.0008213438130754
2022-01-12,359.6166687011719,371.61334228515625,357.5299987792969,368.739990234375,368.739990234375,83739000,359.90999494280135,347.0149172828311,-3.3647668133453976,25.82444637975365,398.6638100423384,295.3660245233238,363.692281900185,5.907376140169909,325.61120310332484,-0.035214717797873,346.60700744878574,-0.0115451703365906,351.8955612081468,-0.0026953344865191
2022-01-13,369.6900024414063,371.8666687011719,342.17999267578125,343.85333251953125,343.85333251953125,97209900,354.2895202636719,348.1744413829985,-6.064037875708266,25.280303957112007,398.7350492972225,297.6138334687745,350.4663156464158,5.837302753734268,323.692405409317,-0.0358761649779801,345.764119572195,-0.0114630418404175,347.44175371205,-0.0044573159183896
2022-01-14,339.9599914550781,350.6666564941406,337.7933349609375,349.8699951171875,349.8699951171875,72924300,352.4557102748326,349.34301321847096,-3.383287694979288,23.43173298268502,396.206479183841,302.4795472531009,350.06876862693025,5.854699345976981,321.7949198109273,-0.0363048954137368,344.62083559907154,-0.0110874018276777,342.5648197559828,-0.0060055482536032
2022-01-18,342.2033386230469,356.92999267578125,338.6866760253906,343.5033264160156,343.5033264160156,66743400,350.8276149204799,350.987298874628,-1.9496001736978317,21.52073022851061,394.0287593316492,307.94583841760675,345.6918071529872,5.836281369818667,319.9266825123312,-0.03649432517925,343.17190395409347,-0.0104254382986315,337.4135584060496,-0.0072442308872989
2022-01-19,347.2366638183594,351.5566711425781,331.6666564941406,331.8833312988281,331.8833312988281,75442500,349.336661202567,351.9885689871652,-2.4267308007821957,18.330290954183315,388.6491508955318,315.32798707879857,336.4861565835478,5.8017658398262695,318.0955497786058,-0.0364394305512015,341.4170764191155,-0.0094905106208876,332.1428750553404,-0.008089327698481
2022-01-20,336.57666015625,347.2200012207031,331.3333435058594,332.0899963378906,332.0899963378906,70488600,346.3914228166853,353.5176159086682,-1.2925585509916004,16.43003308691812,386.3776820825044,320.65754973483195,333.55538308644304,5.802390230680549,316.3092553221036,-0.0361368638016758,339.3610723385034,-0.0083019493942406,326.9069625894841,-0.0084748359467064
2022-01-21,332.11334228515625,334.8500061035156,313.5,314.6333312988281,314.6333312988281,103416000,340.653329031808,353.6028544108073,-1.049786287587267,18.365882717815303,390.33461984643793,316.8710889751767,320.94068189469976,5.74822456885772,314.5753663740314,-0.0355850598420296,337.0134629212276,-0.0068847955491211,321.8525361186259,-0.0083589985332741
2022-01-24,301.586669921875,311.1700134277344,283.8233337402344,310.0,310.0,151565700,332.26190185546875,352.3509492420015,3.305590048253862,20.876260439172384,394.1034701203463,310.5984283636567,313.6468939648999,5.733341276897746,312.9012386216439,-0.0347843308199623,334.3884827598673,-0.0052694741112547,317.1124182495225,-0.0077297365449163
2022-01-25,304.7333374023437,317.086669921875,301.07000732421875,306.1333312988281,306.1333312988281,86595900,326.87333025251115,349.99221947079616,6.004981711992855,23.027258944029764,396.0467373588557,303.9377015827366,308.6378521875187,5.720748832883838,311.2939702467041,-0.0337369456664388,331.50477693632195,-0.0034913946772762,312.7997648770191,-0.0066084319938256
2022-01-26,317.4766540527344,329.2300109863281,302.0,312.4700012207031,312.4700012207031,104867400,321.5304739815848,347.5076163155692,6.577078350642012,24.18955284491477,395.8867220053987,299.12851062573964,311.1926182096417,5.741303029322548,309.7603553603996,-0.0324471915702382,328.3850929120185,-0.0015904679738298,309.0032061213527,-0.005051194176207
2022-01-27,311.1199951171875,311.7966613769531,276.3333435058594,276.3666687011719,276.3666687011719,147109500,311.9395228794643,343.39063226609005,5.192372686462988,28.53278286280827,400.4561979917066,286.3250665404736,287.9753185373285,5.6181035502887,308.30683719186413,-0.0309214144413062,325.0559267836784,0.0003894738962503,305.7831511557051,-0.0031469529050941
2022-01-28,277.1866760253906,285.8333435058594,264.0033264160156,282.1166687011719,282.1166687011719,134789100,304.8299996512277,339.5836486816406,9.299283184813476,31.309449185754307,402.20254705314926,276.964750310132,284.0695519798908,5.6387697742731415,306.9394614495053,-0.0291680356227323,321.5471334213541,0.0024013665798377,303.16946562347243,-0.0010121424108748
2022-01-31,290.9033203125,312.663330078125,287.3500061035156,312.239990234375,312.239990234375,104436000,301.9942844935826,337.4626958937872,12.591416136404632,31.67552280970853,400.81374151320426,274.11165027437016,302.8498441495469,5.7405642873722185,305.6638303337776,-0.0271975424338767,317.8915095126268,0.0043957243600292,301.1606726437884,0.0012176979687462
2022-02-01,311.7366638183594,314.5666809082031,301.6666564941406,310.4166564941406,310.4166564941406,73138200,301.3919023786272,335.4701552618118,11.929990221192952,28.43286085361065,392.3358769690331,278.60443355459046,307.8943857126094,5.734688771512615,304.4850577338364,-0.0250224505772052,314.1243576584176,0.0063215829355211,299.724752074206,0.0033985117072864
2022-02-02,309.3933410644531,310.5,296.4700012207031,301.8866577148437,301.8866577148437,66792900,300.2328534807478,330.8015834263393,10.98863896436592,26.512653179671712,383.8268897856827,277.7762770669959,303.8892337140989,5.706733641392822,303.40772618550216,-0.0226572370151771,310.28303846947017,0.0081275801163904,298.8015212995273,0.0053891932327758
2022-02-03,294.0,312.3333435058594,293.50665283203125,297.0466613769531,297.0466613769531,78855600,298.9347577776228,326.6992027646019,12.04959134788038,26.074152818401828,378.8475084014056,274.5508971277983,299.3275188226684,5.690517081687219,302.4358462010004,-0.0201182426097906,306.4065161905695,0.009763174243674,298.3064827913356,0.007062492687581
2022-02-04,299.0733337402344,312.1666564941406,293.72332763671875,307.7733459472656,307.7733459472656,73625400,298.26380702427457,324.0833304268973,12.793096964616268,25.33931182070815,374.7619540683136,273.404706785481,304.95807023906656,5.726109188102548,301.57281859913485,-0.0174235445966638,302.5349018473587,0.0111799916186139,298.135930529658,0.0083140918121115
2022-02-07,307.92999267578125,315.92333984375,300.9033203125,302.4466552734375,302.4466552734375,60994500,301.98951939174106,321.5855523972284,11.571436839204525,25.2698410815926,372.1252345604136,271.0458702340432,303.28379359531385,5.708593069413377,300.8214004654148,-0.0145927998104555,298.7089964025144,0.0123332833278392,298.1730303348861,0.0090690093685459
2022-02-08,301.84332275390625,308.7633361816406,298.26666259765625,307.3333435058594,307.3333435058594,50729100,305.59190150669644,319.91952078683033,11.71864016743416,24.246886158560727,368.4132931039518,271.4257484697089,305.98349353567755,5.724673866894952,300.18367535343685,-0.0116470604546621,294.9698350702129,0.0131834587162233,298.2945360397609,0.009285026690319
2022-02-09,311.6666564941406,315.42333984375,306.6666564941406,310.6666564941406,310.6666564941406,52259400,305.3671395438058,317.91761561802457,10.49881675664392,22.70775274733889,363.3331211127024,272.5021101233468,309.1056021746529,5.735496417295805,299.66102830057457,-0.0086085650767594,291.35823291764785,0.0136976478561429,298.3777770658425,0.008953315177789
2022-02-10,302.7900085449219,314.60333251953125,298.8999938964844,301.51666259765625,301.51666259765625,66126900,304.095711844308,315.3803144182478,10.099399976647646,19.207169429506592,353.794653277261,276.9659755592346,304.0463091233218,5.705503202014219,299.25412617284366,-0.0055005082267496,287.9143313139159,0.013851229589352,298.3075516646905,0.0080967898531283
2022-02-11,303.2099914550781,305.32000732421875,283.5666809082031,286.6666564941406,286.6666564941406,79645800,301.9214259556361,311.47206043061755,8.491444021065206,18.57345465535351,348.6189697413246,274.3251511199105,292.459874037201,5.6548255943198935,298.962903776834,-0.0023467930008872,284.67714477276985,0.0136292464912711,297.9825794487877,0.0067668644402754
2022-02-14,287.19000244140625,299.6266784667969,284.3833312988281,291.9200134277344,291.9200134277344,67756500,301.18904767717635,308.9990452357701,9.800345655634032,16.39449981791082,341.7880448715917,276.21004559994844,292.09996696422326,5.6730483614424445,298.78655608305564,0.0008282287367961,281.684108328256,0.0130276153793536,297.3212018010655,0.0050392617325508
2022-02-15,300.0,307.6666564941406,297.7933349609375,307.4766540527344,307.4766540527344,57286200,301.1466631208147,306.98031470889134,9.95033181666895,13.966962199051377,334.9142391069941,279.0463903107886,302.3510916898974,5.725141582989854,298.72353679815086,0.0040000232378389,278.9706267624477,0.0120540341557353,296.26606492207765,0.0030093915101004
2022-02-16,304.6833190917969,308.8099975585937,300.4033203125,307.7966613769531,307.7966613769531,51294300,301.91094970703125,305.27999732607884,9.342856240849926,12.502569543851816,330.2851364137825,280.2748582383752,305.9814714812679,5.726185187350948,298.7715634071612,0.0071441434060633,276.569628668901,0.0107284854417081,294.78757437083465,0.0007876090567841
2022-02-17,304.4200134277344,306.1666564941406,291.3666687011719,292.1166687011719,292.1166687011719,55178400,299.7371390206473,303.3863467261905,7.6743310332565216,10.853648689489594,325.0936441051697,281.6790493472113,296.7382696278705,5.673724110194917,298.92762868600914,0.010236493505944,274.5111302916347,0.0090832470204899,292.8859695759135,-0.0015055364867147
2022-02-18,295.3333435058594,295.6233215332031,279.2033386230469,285.6600036621094,285.6600036621094,68501700,296.16476004464283,301.17539469401044,7.058849821208582,11.004362708768369,323.18412011154714,279.1666692764737,289.3527589840298,5.651295498507333,299.18801856337296,0.0132535847360389,272.82181605703755,0.0071623401824946,290.5919299262968,-0.0037441253236895
2022-02-22,278.0433349609375,285.57666015625,267.0333251953125,273.84332275390625,273.84332275390625,83288100,292.21142578125,299.2330133347284,8.170238078091188,12.2602648274249,323.7535429895782,274.71248367987863,279.0131348306141,5.608897721109615,299.5483360950029,0.0161727767304919,271.5246443969094,0.0050203799163248,287.9656886880175,-0.0058019359919403
2022-02-23,276.8099975585937,278.4333190917969,253.5200042724609,254.67999267578125,254.67999267578125,95256900,287.6419023786272,296.5987272716704,7.669639517475332,15.569120918136324,327.736969107943,265.46048543539774,262.7910400607255,5.53607360135821,300.00353120667853,0.0189725005936171,270.6384885270657,0.0027208338781449,285.0946949992816,-0.0075579724182658
2022-02-24,233.4633331298828,267.49334716796875,233.3333282470703,266.92333984375,266.92333984375,135322200,284.0709490094866,294.73158482142856,14.51380327574958,16.36287907865531,327.4573429787392,262.00582666411793,265.5459065827418,5.583208071169102,300.54793576825085,0.0216324597555253,270.1778220407553,0.0003337464676016,282.0899254518717,-0.0089026106254332
2022-02-25,269.74334716796875,273.1666564941406,260.79998779296875,269.9566650390625,269.9566650390625,76067700,278.71095057896207,292.70714024135043,14.735170638151544,16.780681547031016,326.26850333541245,259.1457771472884,268.4864122202889,5.594550270115342,301.1753034835043,0.0241338057224524,270.15245836412464,-0.0020669654649089,279.08100346368906,-0.0097443765910121
2022-02-28,271.6700134277344,292.28668212890625,271.57000732421875,290.1433410644531,290.1433410644531,99006900,276.18904767717635,293.3631722586496,15.94250531515098,16.588378675664824,326.5399296099792,260.18641490731994,282.9243647830651,5.666922554992525,301.8788540208988,0.02645928664197,270.5673513324641,-0.0044064944798083,276.2103355938426,-0.0100171164545939
2022-03-01,289.8933410644531,296.6266784667969,284.59332275390625,288.1233215332031,288.1233215332031,74766900,275.61856951032365,293.64920334588913,13.963995638097003,16.054964387126642,325.7591321201424,261.5392745716359,286.3903359498238,5.659911815221878,302.6513207695633,0.028593367468099,271.42246159007686,-0.0066122194824924,273.6265186537067,-0.0096869915756596
2022-03-02,290.7099914550781,295.49334716796875,281.42333984375,293.2966613769531,293.2966613769531,74643300,276.7095206124442,292.7471400669643,12.492255458773514,15.508860657550544,323.76486138206536,261.7294187518632,290.99455290124337,5.677769250146233,303.48500158313334,0.0305223213543476,272.7126905535652,-0.0086166813477923,271.47730979033463,-0.0087583829460991
2022-03-03,292.92333984375,295.4800109863281,277.5333251953125,279.7633361816406,279.7633361816406,61623600,277.55523681640625,291.28745814732144,9.883048029687131,15.545274950420367,322.3780080481622,260.1969082464807,283.5070750881749,5.63036316443399,304.3718118701961,0.03223429268853,274.42788075368964,-0.0103602674072638,269.9024830371105,-0.0072775254760287
2022-03-04,283.0333251953125,285.2166748046875,275.0533447265625,279.42999267578125,279.42999267578125,66999600,281.0909511021205,290.2180931454613,9.073037178427173,15.66877106730645,321.55563528007417,258.8805510108484,280.7890201465791,5.629166654969988,305.30333940249665,0.0337193328832049,276.5528789254389,-0.0117934413501565,269.0269178735148,-0.00533264628209
2022-03-07,285.4333190917969,288.7133178710937,268.19000244140625,268.1933288574219,268.1933288574219,72494100,281.27237810407365,288.8441249302455,7.092185394584021,15.78847733911998,320.4210796084855,257.26717025200554,272.39189262047427,5.587972474499848,306.2709002383555,0.034969410628763,279.0676565938669,-0.012878397512756,268.954273392984,-0.0030496717313012
2022-03-08,265.1766662597656,283.3299865722656,260.72332763671875,274.79998779296875,274.79998779296875,80399100,281.9642813546317,287.2739650181361,8.868834708747272,15.657356391456196,318.58867780104856,255.95925223522372,273.99728940213726,5.612397868270596,307.2655951963256,0.0359783987897382,281.94748228351887,-0.0135900708633201,269.7615890252705,-0.0005832327040216
2022-03-09,279.82666015625,286.85333251953125,277.336669921875,286.3233337402344,286.3233337402344,59184000,281.41856602260043,286.5061878022693,8.869293954896932,14.87222693508405,316.25064167243744,256.7617339321012,282.21465229420204,5.653623041556615,308.2783663601128,0.0367420404737737,285.16313984621803,-0.013916489016153,271.4951129920248,0.0018963691213156
2022-03-10,283.8166809082031,284.8166809082031,270.1199951171875,279.4333190917969,279.4333190917969,58648500,280.1771371023996,285.1776152111235,7.718301662077238,13.678547445509947,312.53471010214344,257.8205203201036,280.36043015926526,5.62917860194493,309.30005314744176,0.0372578970287371,288.68118856117286,-0.0138585034331634,274.1675903735812,0.0042186221126714
2022-03-11,280.0666809082031,281.26666259765625,264.5899963378906,265.1166687011719,265.1166687011719,67037100,276.1514238630022,283.0085681733631,6.194867877661977,13.633163082490654,310.2748943383444,255.74224200838177,270.19792252053634,5.576390932423762,310.32144753021447,0.0375252808344327,292.4642622923268,-0.0134289781772042,277.7571485359336,0.0062284363131683
2022-03-14,260.2033386230469,266.8999938964844,252.01333618164065,255.4566650390625,255.4566650390625,71152200,272.67904227120533,280.8152349562872,7.10055592269714,14.815813756336787,310.4468624689608,251.1836074436136,260.3704175328872,5.539130546596533,311.333348048648,0.0375451757632313,296.47140671702897,-0.0126515429101738,282.2078108006649,0.0077995956125983
2022-03-15,258.42333984375,268.5233459472656,252.19000244140625,267.2966613769531,267.2966613769531,66841200,270.9457092285156,279.8928542364212,8.826133691071732,14.841922311556722,309.5766988595346,250.20900961330773,264.9879134289311,5.584610955666393,312.3266123161313,0.0373201481036811,300.658455114202,-0.0115590313178442,287.4315655634345,0.0088441835627878
2022-03-16,269.6666564941406,280.6666564941406,267.4200134277344,280.07666015625,280.07666015625,84028800,272.64332798549106,279.3288850330171,9.395668863689764,13.286411499869397,305.9017080327559,252.75606203327837,275.0470779138104,5.631486511664791,313.2922077627047,0.0368542505892586,304.9784441440057,-0.0101917278064923,293.3118315817856,0.0093170561959764
2022-03-17,276.9966735839844,291.6666564941406,275.239990234375,290.5333251953125,290.5333251953125,66582900,274.8909476143973,278.52205984933033,9.50041282277499,11.710718192220314,301.943496233771,255.1006234648897,285.3712427681451,5.6682704033252405,314.22126041220247,0.0361529219676894,309.38207130055594,-0.0085955365458528,299.7080982460172,0.0092154552784063
2022-03-18,291.4966735839844,302.6166687011719,289.1300048828125,301.7966613769531,301.7966613769531,100414200,277.10142299107144,278.23634556361606,8.232121772512983,12.536733095265683,303.3098117541474,253.16287937308468,296.3215218406838,5.706434492868321,315.10510153041,0.035222884300895,313.8181952290624,-0.0068201708185227,306.4614819907964,0.0085746706020832
2022-03-21,304.99334716796875,314.2833251953125,302.36334228515625,307.0533447265625,307.0533447265625,81981600,281.0471409388951,278.9476158505394,5.57502716632132,14.08310577127273,307.1138273930849,250.781404307994,303.4760704312696,5.72375941593059,315.93531201866017,0.034072039916384,318.23437892804503,-0.0049174403573932,313.4009210956154,0.0074610960089595
2022-03-22,310.0,332.6199951171875,307.25,331.32666015625,331.32666015625,105868500,290.5057111467634,281.1222185407366,4.48114690275014,18.294696255997103,317.7116110527308,244.5328260287424,322.0431302479232,5.800082044114489,316.7037644589928,0.0327093696507556,322.5774741431862,-0.0029396927348103,320.3497243203999,0.0059640697767021
2022-03-23,326.64666748046875,346.8999938964844,325.4666748046875,333.03668212890625,333.03668212890625,120676200,301.5885707310268,283.94094993954616,1.3817473948670909,20.50817420478588,324.95729834911793,242.9246015299744,329.37216483524526,5.805245451153181,317.4026627434455,0.0311448337456875,326.7942431850197,-0.0009384441245916,327.13218948929944,0.0041876526791331
2022-03-24,336.57666015625,341.4966735839844,329.6000061035156,337.97332763671875,337.97332763671875,68920800,311.6852373395647,287.9072992234003,-2.151462768465194,23.12518979426098,334.15767881192227,241.65691963487836,335.10627336956094,5.820003780741534,318.0245792415465,0.0293892764849528,330.8320121671155,0.0010367835915285,333.580014693329,0.0022431252876577
2022-03-25,336.0,340.6000061035156,332.44000244140625,336.8800048828125,336.8800048828125,62031600,319.8000008719308,291.2385689871652,-4.871485963084353,24.99731138605812,341.23319175928145,241.24394621504896,336.288761045062,5.816753967852734,318.5624894770563,0.0274543354040519,334.6393474553883,0.0029394174996573,339.5382380167524,0.0002426083528776
2022-03-28,355.0333251953125,365.9599914550781,351.20001220703125,363.9466552734375,363.9466552734375,102506100,330.2876194545201,295.7142828078497,-7.860134718399991,29.67215447935955,355.05859176656884,236.36997384913064,354.7273571973124,5.894255868296288,319.0098042979858,0.0253523556664456,338.1667451082795,0.0047265897744321,344.87046331284967,-0.0017060945280732
2022-03-29,369.3299865722656,371.5899963378906,357.7033386230469,366.5233459472656,366.5233459472656,73614900,339.53428867885043,299.35142589750745,-12.019121965454758,33.50851786355045,366.3684616246084,232.33439017040652,362.5913496972812,5.901330151150703,319.3603995334593,0.0230963099848295,341.36732140321413,0.0063597129754073,349.4631609145146,-0.0035035344227617
2022-03-30,363.7233276367188,371.3166809082031,361.3333435058594,364.663330078125,364.663330078125,59865000,347.76428658621654,302.9961882091704,-14.447823322737236,36.43869253721958,375.8735732836095,230.1188031347312,363.97266995117707,5.896228522268953,319.6086431376432,0.0206997242736722,344.1974912809152,0.007804897206247,353.2288735437155,-0.0050617400850325
2022-03-31,364.8566589355469,367.71331787109375,358.8800048828125,359.20001220703125,359.20001220703125,48992700,351.7461940220424,306.1344430106027,-16.75436126834296,38.01269406348126,382.1598311375652,230.10905488364017,360.7908981217465,5.881091523705425,319.7494198252797,0.0181766090504126,346.6176207539637,0.0090332341637938,356.10820812682323,-0.0063066566436232
2022-04-01,360.3833312988281,364.9166564941406,355.5466613769531,361.5299987792969,361.5299987792969,54263100,355.81666782924106,310.02809361049106,-17.574201104800466,39.24038324513671,388.5088601007645,231.54732712021763,361.28363189344674,5.887575167629862,319.77815320584324,0.0155413964564514,348.59263904556104,0.0100209733662699,358.07055172768537,-0.0071801013472669
2022-04-04,363.1266784667969,383.3033447265625,357.510009765625,381.8166809082031,381.8166809082031,82035900,362.0800040108817,314.90365019298736,-16.92244347015378,40.82479922631761,396.5532486456226,233.2540517403521,374.97233123661766,5.942318106863799,319.6908254244278,0.0128088826438837,350.09259644833713,0.0107496145494095,359.1135116448374,-0.0076413767005685
2022-04-05,378.76666259765625,384.2900085449219,362.4333190917969,363.7533264160156,363.7533264160156,80075100,365.9190499441965,319.4541262672061,-19.75020292497095,40.80342401074295,401.060974288692,237.8472782457202,367.4929946895497,5.893723061718161,319.4839943175635,0.0099941751678829,351.0931545996314,0.0112059378070871,359.2611427280437,-0.0076686041335147
2022-04-06,357.8233337402344,359.6666564941406,342.5666809082031,348.586669921875,348.586669921875,89348400,363.7247663225447,322.96777779715404,-19.813153567277027,40.335864138466185,403.6395060740864,242.2960495202217,354.8887781777666,5.851014043754504,319.1548080915799,0.0071126449355967,351.57599702112213,0.0113819898956125,358.56108580567604,-0.0072597598501469
2022-04-07,350.7966613769531,358.86334228515625,340.5133361816406,352.4200134277344,352.4200134277344,79447200,361.7100045340402,326.11523873465404,-18.37695445709653,39.30383221422587,404.7229031631058,247.5075743062023,353.2429350110785,5.861982127539678,318.7010175301453,0.0041798821880926,351.52914931715173,0.0112750414962763,357.08079639078574,-0.006433318152967
2022-04-08,347.7366638183594,349.4800109863281,340.8133239746094,341.8299865722656,341.8299865722656,55013700,358.4480983189174,329.08650861467635,-17.33750847629568,36.43653596557874,401.9595805458338,256.21343668351886,345.6343027185366,5.831383779852761,318.12098573641293,0.0012116559300923,350.9472003089802,0.0108875263344382,354.9030892225758,-0.0052283452771478
2022-04-11,326.79998779296875,336.1566772460937,324.8800048828125,325.3099975585937,325.3099975585937,59357100,353.6066676548549,331.9528576078869,-14.39557795655395,31.728191870422524,395.409241348732,268.49647386704186,332.0847659452413,5.781699840955868,317.41369541396614,-0.0017761238291208,349.8314175366331,0.0102269690114587,352.1212585355184,-0.0037038480264029
2022-04-12,332.5466613769531,340.39666748046875,325.5333251953125,328.9833374023437,328.9833374023437,65976000,348.9571446010045,335.4541277204241,-12.555570600939348,27.427548082355678,390.30922388513545,280.5990315557127,330.0171469166429,5.792962806491139,316.5787536895562,-0.004767441702991,348.18975291659115,0.0093059042917298,348.83405338915804,-0.0019371759305592
2022-04-13,327.02667236328125,342.0799865722656,324.3666687011719,340.7900085449219,340.7900085449219,55121100,343.09619140625,338.9538109188988,-9.287671496325856,23.68303063284872,386.31987218459625,291.58774965320134,337.19905466882886,5.828327804876516,315.6163944795473,-0.0077462111382622,346.0367368298401,0.0081417864417117,345.14078969412185,-2.131140649590126e-05
2022-04-14,333.0966796875,337.57000732421875,327.39666748046875,328.3333435058594,328.3333435058594,58422300,338.03619384765625,341.25174822126115,-8.321249440829888,20.686998132099134,382.62574448545945,299.87775195706286,331.28858056018254,5.790979050763319,314.5274784010497,-0.0106963079538418,343.39326145612495,0.0067568830701116,341.13686448647223,0.0019390366678134
2022-04-18,329.6766662597656,338.3066711425781,324.4700012207031,334.7633361816406,334.7633361816406,51715200,336.0614318847656,343.3579392206101,-6.521071926534489,18.34600156824913,380.0499423571084,306.6659360841118,333.60508430782124,5.810432167512812,313.3134902279355,-0.0136016039779346,340.28625669096215,0.0051781438072722,336.90990375327675,0.0038324981278993
2022-04-19,335.0199890136719,344.9800109863281,331.77667236328125,342.7166748046875,342.7166748046875,49847700,334.6752406529018,345.30651128859745,-5.211294558881889,16.002487180603037,377.3114856498035,313.3015369273914,339.6794779723988,5.833981957476058,311.9765338912833,-0.0164460015739145,336.7482644063497,0.0034370301598103,332.5367247969546,0.0055470770479804
2022-04-20,343.3333435058594,344.6666564941406,325.0833435058594,325.7333374023437,325.7333374023437,70711200,332.3757193429129,346.19603474934894,-6.575044944682304,16.340162321817317,378.8763593929836,313.51571010571433,330.3820509256954,5.783004345234645,310.519325023272,-0.0192134698614053,332.81691906984616,0.001569289112447,328.0812318838979,0.0069768134225682
2022-04-21,358.24334716796875,364.0733337402344,332.1400146484375,336.260009765625,336.260009765625,105416400,333.9400068010603,346.4309561593192,-9.283229148018222,16.211206068629966,378.8533682965791,314.00854402205925,334.3006901523152,5.814906379331643,308.94518104311385,-0.0218880834501161,328.5343447487709,-0.0003853502693397,323.5932956530696,0.0080285947357335
2022-04-22,338.3033447265625,344.95001220703125,331.3333435058594,335.01666259765625,335.01666259765625,69696600,334.8019104003906,346.5252409435454,-8.574165158224048,16.311988816503398,379.1492185765522,313.9012633105386,334.7780051158759,5.81119087974927,307.2580087832745,-0.0244540645091654,323.94648023153746,-0.0023835805486646,319.1085993237596,0.0086285613388636
2022-04-25,326.3233337402344,336.2066650390625,325.1000061035156,332.67333984375,332.67333984375,68341200,333.6423863002232,346.27286057245163,-6.28887817005193,16.475014401704602,379.22288937586086,313.3228317690424,333.3748949344586,5.804150568419986,305.46228965399,-0.0268958289924593,319.1023453407669,-0.0043790446498671,314.6493747602286,0.0087275423553044
2022-04-26,331.8099975585937,333.3333435058594,291.6666564941406,292.1400146484375,292.1400146484375,136133700,328.47191074916293,344.1423848470052,-8.200995125456018,19.97990456129941,384.102193969604,304.1825757244064,305.88497474377783,5.673804301450581,303.56306234396754,-0.0291980378291519,314.053262450621,-0.0063230140311188,310.22590401985536,0.0083050299771351
2022-04-27,299.52667236328125,306.0,292.4533386230469,293.836669921875,293.836669921875,76956300,322.625244140625,340.8038141159784,-4.96536854052016,22.01240603701468,384.82862619000775,296.77900204194907,297.8527715291759,5.67961501304965,301.5659030552489,-0.0313456538647419,308.85204773031865,-0.0081652381142802,305.8386297439678,0.00737133817858
2022-04-28,299.99334716796875,300.0,273.8999938964844,292.5033264160156,292.5033264160156,124948500,315.45190865652904,337.27905128115697,-2.6091554362577654,23.53506848557883,384.3491882523146,290.20891430999933,294.28647478706904,5.675051417101135,299.4769032706113,-0.0333240052998281,303.5521867178489,-0.0098549812383417,301.4807004970079,0.0059677712629352
2022-04-29,300.75,311.4666748046875,290.0,290.2533264160156,290.2533264160156,88133100,310.38333565848217,333.7357177734375,-1.1018191306242784,24.950996177047827,383.6377101275332,283.8337254193418,291.59770920636674,5.66730286614946,297.3026450527621,-0.0351188563163252,298.2070085126986,-0.0113422543085621,297.14077249996484,0.0041648150059355
2022-05-02,286.92333984375,302.1199951171875,282.6766662597656,300.9800109863281,300.9800109863281,75781500,305.3433358328683,330.96333676292784,2.8938348449880777,24.91184979293248,380.7870363487928,281.13963717706287,297.8525770596744,5.703715842390748,295.05017387618665,-0.0367164855008964,292.86887222708515,-0.0125792352715668,292.80589351894315,0.0020585264958305
2022-05-03,301.0599975585937,308.02667236328125,296.1966552734375,303.0833435058594,303.0833435058594,63709500,300.78143310546875,328.180162702288,4.132478210506406,22.280541313179874,372.74124532864766,283.6190800759282,301.3397546904644,5.710702951175343,292.72696899511425,-0.038103772568012,287.5883784479679,-0.0135218555120324,288.4643043875364,-0.0002345847815235
2022-05-04,301.3133239746094,318.5,295.09332275390625,317.5400085449219,317.5400085449219,81643800,298.6195286342076,325.1193687802269,6.110790608902391,20.42332918229496,365.9660271448169,284.272710415637,312.13992392676937,5.757449642899898,290.3409113550772,-0.039268293745663,282.41361746137466,-0.0141315087478259,284.10800623381573,-0.0025838317811132
2022-05-05,313.00665283203125,315.20001220703125,285.8999938964844,291.09332275390625,291.09332275390625,92519100,298.4700012207031,321.6593686058408,4.01802628211226,20.70443495063979,363.0682385071203,280.2504987045612,298.108856478194,5.670202673812845,287.90024906138365,-0.0401984260106042,277.3894650167583,-0.0143768162431808,279.7349559348655,-0.0048514188544228
2022-05-06,295.6666564941406,296.0,281.03668212890625,288.54998779296875,288.54998779296875,72903000,297.71476091657365,318.8004789806548,4.562176868638517,20.415240672455084,359.63096032556496,277.96999763574456,291.73627735471047,5.661396715707906,285.41356042603854,-0.0408834601426241,272.55693559891427,-0.0142353592639317,275.3507690379499,-0.0068999692216867
2022-05-09,278.8166809082031,281.8766784667969,260.3833312988281,262.3699951171875,262.3699951171875,90810300,293.40999930245533,314.5123828706287,5.5084435220964,22.93017429138559,360.3727314533999,268.65203428785753,272.1587558630285,5.5659370092811535,282.88971462582055,-0.0413137223049348,267.9526026346806,-0.0136952696036773,270.9698296835652,-0.0086002142485551
2022-05-10,273.10333251953125,275.1199951171875,258.0833435058594,266.67999267578125,266.67999267578125,84401700,290.0423801967076,310.9338117327009,7.197857320161859,24.95192961525293,360.8376709632068,261.02995250219504,268.5062470715304,5.58229254950067,280.3378300189979,-0.04148070354767,263.6080948369191,-0.0127565552731656,266.6157324958193,-0.0098385760996231
2022-05-11,265.0,269.92333984375,242.3999938964844,244.6666717529297,244.6666717529297,97224600,281.99761744907926,307.0936533610026,7.982283960567145,28.486603769874176,364.06686090075095,250.12044582125424,252.61319685912997,5.495801191955525,277.7672301871949,-0.0413771962727361,259.54967793727803,-0.0114320347790697,262.3210131343691,-0.0105243743124401
2022-05-12,233.6666717529297,253.22000122070312,226.6666717529297,242.6666717529297,242.6666717529297,140313000,273.36666434151783,302.9833359491257,12.946540838904468,30.55404060955373,364.0914171682332,241.87525473001824,245.9821801216631,5.48755938723317,275.1873977928645,-0.0409974362922465,255.7979312373388,-0.0097477629885173,258.1261625373772,-0.0105963471223632
2022-05-13,257.82666015625,262.45001220703125,250.52333068847656,256.5299987792969,256.5299987792969,92150700,264.6509486607143,298.97095453171505,14.100938384669348,31.39181726659804,361.7545890649111,236.18731999851897,253.01405922675227,5.543339814803546,272.60792637226706,-0.040337248663939,252.3675284728873,-0.0077428561653798,254.07796397864163,-0.0100281038862054
2022-05-16,255.72000122070312,256.586669921875,239.69667053222656,241.4566650390625,241.4566650390625,86098500,257.5599975585937,294.83396984281995,14.03746177521674,32.477521882695505,359.7890136082109,229.87892607742896,245.3091297682924,5.482539886362432,270.0384702192565,-0.0393941950035436,249.2671321305931,-0.0054686629887489,250.2272397322923,-0.0088320354745566
2022-05-17,249.1199951171875,254.82666015625,242.9499969482422,253.8699951171875,253.8699951171875,80236200,252.605712890625,290.9819059826079,15.600108883498876,31.352702501948176,353.68731098650426,228.27650097871157,251.0163733342225,5.532875503367924,267.48869255681313,-0.0381677194686464,246.4994092647246,-0.0029872791872668,246.6261417850976,-0.007061140532861
2022-05-18,248.17333984375,253.5,233.60333251953125,236.60333251953125,236.60333251953125,87811800,248.92476109095983,285.9288896833147,15.567378422232537,32.09188656868003,350.1126628206748,221.74511654595463,241.40767945776167,5.462149596497137,264.9682122411126,-0.0366592900987589,244.061174784269,-0.0003694602149954,243.32516370924236,-0.0048082234657648
2022-05-19,235.6666717529297,244.6666717529297,231.3699951171875,236.47332763671875,236.47332763671875,90296700,244.6095232282366,281.6784130278088,17.146949499703624,31.27590377515973,344.23022057812824,219.1266054774893,238.1181115770664,5.461597648599443,262.4865492966203,-0.034872531704787,241.94366500751508,0.0023079583414734,240.37008258573772,-0.0022020310058523
2022-05-20,237.9966735839844,240.52667236328125,211.0,221.3000030517578,221.3000030517578,144973200,241.27142769949776,276.2041269938151,16.71587473313042,30.880744202823617,337.9656153994624,214.44263858816788,226.90603922686068,5.394990267661034,260.0530696393875,-0.0328133460557341,240.1329400908399,0.0049649772314354,237.79905473235416,0.0005998530323423
2022-05-23,218.33999633789065,226.65333557128903,212.6866607666016,224.96665954589844,224.96665954589844,88903500,238.74285452706476,270.9636506580171,19.293077499571098,29.32737737700432,329.61840541202577,212.30889590400847,225.6131194395525,5.411497199464119,257.6769294080667,-0.0304900147435668,238.61040900951147,0.0075215022684975,235.64008225053027,0.0034211482574523
2022-05-24,217.8433380126953,217.97332763671875,206.856674194336,209.3866729736328,209.3866729736328,89092500,232.00809369768416,265.09285699753536,20.09023878703925,31.48267520569555,328.0582074089265,202.12750658614425,214.79548846227271,5.339395358571572,255.36701938616548,-0.0279132798542947,237.35346554069676,0.0099003722495501,233.9090374154344,0.0060793813414494
2022-05-25,207.9499969482422,223.106674194336,207.6699981689453,219.6000061035156,219.6000061035156,92139300,228.8857138497489,261.6385708763486,22.668072314212395,32.1174386451331,325.8734481666148,197.4036935860824,217.99850022310133,5.387243603663369,253.13191006219003,-0.0250963974714202,236.33621869589197,0.0120301660148937,232.60838145351892,0.0083996357478994
2022-05-26,220.47332763671875,239.55667114257807,217.8866729736328,235.91000366210932,235.91000366210932,106003200,226.3200007847377,258.88015819731214,23.843665485837818,31.59449779177677,322.0691537808657,195.6911626137586,229.9395025157733,5.459202477655088,250.97979793341491,-0.0220551591227872,235.53029678029955,0.0138476401316313,231.72665066676885,0.0102281240128899
2022-05-27,241.0833282470703,253.26666259765625,240.1766662597656,253.2100067138672,253.2100067138672,89295000,228.6923828125,257.00904773530505,22.779623791926724,30.62570875969806,318.2604652547012,195.75763021590893,245.45317198116925,5.530262100435461,248.9184537104349,-0.0188078765849319,234.9057011229584,0.0152996928801275,231.23871672301036,0.0114440875399387
2022-05-31,257.9466552734375,259.6000061035156,244.7433319091797,252.7533264160156,252.7533264160156,101914500,231.0180969238281,255.2233334495908,19.19638552939904,28.680449483526584,312.58423241664394,197.8624344825376,250.31994160440013,5.528449744683238,246.95517311940424,-0.0153753260038186,234.43168375884147,0.0163447997531446,231.1067700596193,0.0119687295792323
2022-06-01,251.72000122070312,257.32666015625,243.63999938964844,246.7899932861328,246.7899932861328,77247900,234.65952410016737,252.64285641624812,16.627277048326107,26.15068621560844,304.944228847465,200.3414839850313,247.9666427255553,5.504477485506372,245.09673102287368,-0.0117806480891737,234.07762300097772,0.0169539132888528,231.2819335752302,0.0117703201891451
2022-06-02,244.1566619873047,264.2099914550781,242.0666656494141,258.3333435058594,258.3333435058594,93473100,239.4261932373047,250.51190403529577,16.38743108494768,20.951244063925515,292.4143921631468,208.60941590744477,254.87777657909132,5.550372300887207,243.349339584443,-0.0080492021882892,233.81387179943692,0.0171108599080714,231.70639074364055,0.0108651731785077
2022-06-03,243.22666931152344,247.79666137695312,233.4166717529297,234.51666259765625,234.51666259765625,112393800,243.01619175502236,246.55841137114027,14.553197664216356,18.36739900709785,283.293209385336,209.82361335694455,241.303700591468,5.453253434724205,241.71861118368471,-0.0042083733231748,233.61255581071904,0.0168122948617439,232.3159052385914,0.0093147523650274
2022-06-06,244.35333251953125,244.86666870117188,234.3500061035156,238.27999877929688,238.27999877929688,84204600,245.6847621372768,244.04349118187315,12.956445753947378,15.156854735031336,274.35720065193584,213.7297817118105,239.2878993833539,5.469240873245054,240.2095267434034,-0.0002873327421702,233.4483009047393,0.0160672921335022,233.04261182931327,0.0072196022232867
2022-06-07,234.0,239.9966735839844,230.0933380126953,238.8866729736328,238.8866729736328,72808500,246.1100006103516,241.67857142857144,13.126324977876124,14.370139600418687,270.4188506294088,212.93829222773405,239.0204151102065,5.471794396293076,238.82641005998784,0.0036832458654191,233.2988731235145,0.0148966499393312,233.8179637270065,0.0047110483530424
2022-06-08,240.086669921875,249.9633331298828,239.1766662597656,241.86666870117188,241.86666870117188,76210500,244.4895237513951,240.7022225516183,12.449852048056243,13.01083413826791,266.72389082815414,214.68055427508247,240.9179175041834,5.484243538492033,237.5729086296053,0.0076715106910186,233.1457176177724,0.0133319864933807,234.57572463796976,0.0019416660098119
2022-06-09,249.33999633789065,255.54666137695312,239.32666015625,239.7066650390625,239.7066650390625,96491400,242.6257149832589,239.41777837844123,10.214668925848711,12.952369214356256,265.32251680715376,213.51303994972872,240.11041586076945,5.475235455196535,236.45198134020103,0.0116447912453508,232.97438662191996,0.0114146878635949,235.25489263351477,-0.0009245930020666
2022-06-10,235.1566619873047,239.5,227.913330078125,232.22999572753903,232.22999572753903,97536600,240.54571533203125,238.82555571056548,9.865492380514183,13.013551839334342,264.8526593892342,212.7984520318968,234.85680243861583,5.443412867688771,235.4658932554219,0.0155699860028196,232.7748499385609,0.0091947530566133,235.80243884228824,-0.003721931212756
2022-06-13,223.1666717529297,226.63333129882807,214.683334350586,215.73666381835932,215.73666381835932,102767400,234.4604753766741,237.54317438034784,10.069025514904212,13.255532549539408,264.05423947942666,211.03210928126904,222.11004335844484,5.369412457973782,234.61621755705383,0.0194139700689167,232.5416845945902,0.0067295637147503,236.175740222886,-0.0062914493158864
2022-06-14,218.2866668701172,226.3300018310547,211.73666381835932,220.88999938964844,220.88999938964844,97988700,232.5138092041016,235.84603155226932,11.161568547805672,13.65030864252684,263.146648837323,208.54541426721568,221.29668071258055,5.393127418534967,233.9038445441404,0.0231440137191059,232.27414324101863,0.0040825892730129,236.3445862237377,-0.0084888755089991
2022-06-15,220.9166717529297,235.663330078125,218.1499938964844,233.0,233.0,119131800,231.759523664202,235.4433332170759,12.412441654627004,12.957495297964543,261.358323813005,209.5283426211468,229.0988935708602,5.44673737166631,233.32899741739664,0.0267282020578929,231.97610346007332,0.0013220248862349,236.2926473286076,-0.0101912131081572
2022-06-16,222.73666381835932,225.1666717529297,208.69332885742188,213.1000061035156,213.1000061035156,107390700,228.07571411132807,233.5019051688058,11.634646028784545,13.7973806993442,261.0966665674942,205.9071437701174,218.4329685926305,5.357057890347231,232.8912544150524,0.03013584585853,231.65590239136665,-0.0014806498004365,236.01831133427655,-0.0113023256186673
2022-06-17,213.433334350586,220.97000122070312,213.19667053222656,216.759994506836,216.759994506836,92641800,224.48904636928012,232.5569843110584,12.48524589589212,14.258707529845644,261.0743993707497,204.03956925136717,217.3176525354341,5.374166653371871,232.58957671884625,0.0333378738817749,231.3260629796094,-0.0042522069891156,235.5348211456248,-0.0117574902989954
2022-06-21,224.60333251953125,243.57666015625,224.3333282470703,237.0366668701172,237.0366668701172,122793000,224.1076180594308,232.58380998883928,12.830814640209752,14.048848773203083,260.68150753524543,204.48611244243315,230.46366209188952,5.463987161050954,232.42234142379243,0.0363071976218299,231.0029196767818,-0.0069193163641023,234.86968483523395,-0.0115268996730245
2022-06-22,234.5033264160156,246.8333282470703,233.82666015625,236.086669921875,236.086669921875,101107500,224.6585715157645,233.2879369826544,11.50358350777006,13.92754105223883,261.1430190871321,205.43285487817676,234.21233397854647,5.459954254329332,232.38737876837973,0.039019040446715,230.7061526168022,-0.0094103064259948,234.06337235346328,-0.0106179955824711
2022-06-23,237.9066619873047,239.3166656494141,228.6366729736328,235.07000732421875,235.07000732421875,104202600,227.42047773088728,233.769048781622,9.751780403338271,12.697085141492895,259.1632190646078,208.37487849863624,234.78411620899467,5.455620247212532,232.48201275715056,0.0414512244229576,230.45824016084327,-0.011657034278993,233.1673601933481,-0.009076409800287
2022-06-24,237.47000122070312,246.0666656494141,236.086669921875,245.7066650390625,245.7066650390625,95770800,230.9657156808036,235.4985722133092,9.090906808237122,12.369564182526862,260.2377005783629,210.75944384825544,242.06581542903987,5.500060207670916,232.70310427715725,0.0435844096573448,230.2838403587015,-0.0135968378117537,232.24163126219665,-0.0069851926691326
2022-06-27,249.36666870117188,252.07000732421875,242.5666656494141,244.9199981689453,244.9199981689453,89178300,232.6685725620815,236.70428612118675,6.674865199766003,12.518043051753668,261.7403722246941,211.66820001767945,243.96860392231017,5.496840295173215,233.0470958135475,0.0454022826587065,230.2091123919841,-0.0151745216085369,231.3517773175978,-0.0044619739358129
2022-06-28,244.4833374023437,249.97000122070312,232.3433380126953,232.663330078125,232.663330078125,90391200,235.4633331298828,236.5496826171875,4.498593849771964,11.924633590243385,260.3989497976743,212.70041543670072,236.4317546928534,5.445285154252497,233.51005690539432,0.0468916919257976,230.2609895918875,-0.0163443037130264,230.5658804999767,-0.0016537530348134
2022-06-29,230.5,231.17333984375,222.27333068847656,228.4900054931641,228.4900054931641,82897200,237.13904898507252,235.3725397019159,4.449718341897409,11.319015778814435,258.0105712595448,212.73450814428705,231.13725522639388,5.427106305527791,234.08772954706683,0.0480427306147377,230.46641630249115,-0.0170716275450707,229.95136413064927,0.0012708168339586
2022-06-30,224.509994506836,229.4566650390625,218.8633270263672,224.47332763671875,224.47332763671875,94600500,235.3442862374442,234.025873093378,4.961818068891091,11.142679976810664,256.3112330469993,211.74051313975664,226.69463683327717,5.409292067499081,234.77557282779904,0.0488487676546699,230.8515618176224,-0.0173347255091568,229.57199794863635,0.0041315047137491
2022-07-01,227.0,230.22999572753903,222.1199951171875,227.26333618164065,227.26333618164065,74460300,234.08380998883928,233.09603227887837,5.12966263002113,9.5310584084812,252.15814909584077,214.03391546191597,227.07376973218612,5.42169952529212,235.56880620666468,0.0493064300032542,231.4410259311076,-0.0171258120726156,229.4852189133805,0.0067484271688585
2022-07-05,223.0,233.14666748046875,216.1666717529297,233.0666656494141,233.0666656494141,84581100,233.79761832101008,231.89285714285717,6.250969113106692,9.515080988798305,250.92301912045372,212.86269516526053,231.0690336770048,5.447024682325779,236.4624509355365,0.0494155398230459,232.25705229330717,-0.016451787904086,229.7398887346884,0.0089549302728443
2022-07-06,230.77999877929688,234.56333923339844,227.1866607666016,231.7333374023437,231.7333374023437,71853600,231.8014286586217,231.76031784784223,5.877281325878471,9.3908347568134,250.54198736146907,212.97864833421545,231.51190282723076,5.441262660168255,237.45136926251055,0.0491790111935487,233.31876763140488,-0.0153343554420392,230.3745601086875,0.0106102262491639
2022-07-07,233.9199981689453,245.3633270263672,232.2100067138672,244.5433349609375,244.5433349609375,81930600,231.74761962890625,232.0585719517299,5.994204900034418,9.70696015126862,251.47249225426717,212.64465164919267,240.1995242497019,5.495294893673769,238.53030116688447,0.0486027115473631,234.64146671363892,-0.013809480401065,231.4162742982944,0.0116104350454833
2022-07-08,242.3333282470703,254.97999572753903,241.16000366210932,250.76333618164065,250.76333618164065,101854200,234.33333478655135,232.62412734258743,5.304947839653067,10.37726024855041,253.37864783968823,211.8696068454866,247.2420655376611,5.520513814227721,239.69389848903296,0.0476952933431453,236.23596436453025,-0.0119261810159046,232.8798722558252,0.011896756210564
2022-07-11,252.10333251953125,253.06333923339844,233.6266632080078,234.3433380126953,234.3433380126953,99241200,235.1695251464844,232.265873500279,2.0811707379685345,10.240428339975514,252.74673018023003,211.785016820328,238.64291385435055,5.45251092265336,240.93675642032076,0.0464680015856077,238.10803646932507,-0.0097446823528824,234.76777622868968,0.0114598028596827
2022-07-12,236.8466644287109,239.77333068847656,228.3699951171875,233.07000732421875,233.07000732421875,87930900,236.39762224469868,231.9498421805245,1.5821681892334991,10.243601795815623,252.43704577215576,211.4626385888933,234.92764283426268,5.447039081855053,242.2534424064868,0.0449344627042622,240.25797137464528,-0.0073340296872422,237.07019017407143,0.010339615927635
2022-07-13,225.5,242.0599975585937,225.0333404541016,237.0399932861328,237.0399932861328,97954500,237.7942875453404,232.17888968331476,3.169856333227244,9.554948816847082,251.2887873170089,213.06899204962056,236.3358764688428,5.464001253745199,243.638522590744,0.043110460043372,242.6802511507503,-0.0047693046490723,239.7656716031675,0.0086214449398617
2022-07-14,234.89666748046875,238.65333557128903,229.3333282470703,238.31333923339844,238.31333923339844,78557400,238.54381234305245,233.25396946498327,3.157838515622842,9.17952478620374,251.6130190373908,214.89491989257576,237.65418497854657,5.469381374391977,245.08658597917588,0.0410137008324785,245.363378768206,-0.0021286230659324,242.822037351144,0.0064279145474045
2022-07-15,240.0,243.6233367919922,236.88999938964844,240.0666656494141,240.0666656494141,69683100,239.73428780691964,234.1671440487816,2.496120493081719,9.27964401282397,252.72643207442957,215.60785602313368,239.2625054257916,5.4767424488077685,246.59226655078032,0.038663579035689,248.2898625151585,0.0005098911381494,246.1975731966443,0.0039085927014518
2022-07-18,244.9366607666016,250.51666259765625,239.60333251953125,240.54666137695312,240.54666137695312,82537500,239.163334437779,234.5265088762556,1.22606332691808,7.921086591147065,250.3686820585497,218.68433569396143,240.11860939323265,5.478748226170658,248.1502635583533,0.0360809379515403,251.43636329659049,0.0030709679438625,249.8425164656959,0.0012281764646481
2022-07-19,245.0,247.13999938964844,236.97666931152344,245.52999877929688,245.52999877929688,80890200,238.4157148088728,236.07079424176897,0.5263952563974783,6.861512358950777,249.7938189596705,222.3477695238674,243.7262023172755,5.4993379957824375,249.75536027552133,0.0332878358824183,254.7740043037452,0.0054847273839332,253.7007700736936,-0.0014454933515478
2022-07-20,246.7833404541016,250.663330078125,243.4833374023437,247.5,247.5,88864200,240.2952379499163,237.5346040271577,-0.1501706940199483,7.249467927648166,252.03353988245408,223.0356681718614,246.2420674390918,5.5073619934827445,251.4024414412668,0.0303073176372291,258.26883645236387,0.0076887693683205,257.7117884358181,-0.003952550158858
2022-07-21,255.106674194336,273.26666259765625,254.86666870117188,271.7066650390625,271.7066650390625,142032300,245.81476048060827,239.18555632091704,-0.1577916132712857,10.510549351050315,260.2066550230177,218.1644576188164,263.2184658390723,5.601035817813504,253.08650963811635,0.0271631940923482,261.882447442559,0.0096297460563868,261.8125557326013,-0.0061505892646697
2022-07-22,276.2200012207031,280.78668212890625,270.7133178710937,272.24334716796875,272.24334716796875,103472700,250.84381103515625,240.9073028564453,-3.181240454778788,12.761431701188316,266.43016625882194,215.38443945406868,269.2350533916699,5.603016377984187,254.802700815815,0.0238798315282381,265.57269764734787,0.0112643956717885,265.9395613679824,-0.0079220702074739
2022-07-25,272.2166748046875,274.14666748046875,267.3999938964844,268.4333190917969,268.4333190917969,64073400,255.14666530064173,242.49603198823476,-5.225431913199657,14.123114824936737,270.7422616381082,214.2498023383613,268.7005638584212,5.588870260838839,256.54629914082096,0.0204819519926542,269.2945624881352,0.0125600610171064,270.0306711615747,-0.0091794600305029
2022-07-26,266.5133361816406,267.3099975585937,256.2633361816406,258.8599853515625,258.8599853515625,66820800,257.83142525809154,243.12238057454428,-6.642271711718792,14.593523957862862,272.30942849027,213.93533265881857,262.1401781871821,5.552416745174974,258.3127513153149,0.0169944455225779,273.00105854468063,0.0134947502563994,274.0267985439138,-0.009868161948249
2022-07-27,263.8099975585937,275.9266662597656,261.7900085449219,274.82000732421875,274.82000732421875,88110000,262.7276175362723,244.5461905343192,-6.165731408586282,15.994266373319038,276.5347232809573,212.55765778768117,270.5933976118732,5.612470982953907,260.0976804694652,0.0134421946893982,276.6442292916544,0.0140568197375031,277.87329769592145,-0.0099674161433296
2022-07-28,280.0666809082031,283.29998779296875,272.79998779296875,280.8999938964844,280.8999938964844,84723000,267.7804739815848,246.84317452566964,-7.647297457896286,17.357986358960936,281.5591472435915,212.12720180774775,277.46446180161394,5.63443237471535,261.89689968910807,0.0098499116165477,280.17616589498664,0.0142443687995456,281.52102773029463,-0.0094894321182047
2022-07-29,280.70001220703125,298.32000732421875,279.1000061035156,297.1499938964844,297.1499938964844,95313000,274.87333025251115,250.1126977829706,-7.60515519918701,19.678442036511026,289.46958185599266,210.7558137099485,290.5881498648609,5.690866062113432,263.7064251992776,0.0062419873550968,283.55003875181575,0.0140644363112699,284.9270695817898,-0.008477032729551
2022-08-01,301.27667236328125,311.8766784667969,295.0,297.27667236328125,297.27667236328125,117042900,278.5261884416853,253.57952372233072,-10.454261574983605,21.3187890504922,296.21710182331515,210.94194562134632,295.04716486380784,5.691293721690363,265.52248918342366,0.002642353288779,286.7211162403837,0.0135320806530416,288.0551104755144,-0.0070000799373777
2022-08-02,294.0033264160156,307.8333435058594,292.6666564941406,300.586669921875,300.586669921875,95577600,282.5752345493861,257.07111104329425,-11.24875325747081,22.96288143727905,302.9968739178523,211.14534816873612,298.74016823585265,5.702403757735585,267.3415521797599,-0.0009256459272623,289.64774831582025,0.0126694117710556,290.87554002980465,-0.0051509303206239
2022-08-03,305.0,309.54998779296875,301.1499938964844,307.39666748046875,307.39666748046875,80091000,288.1414271763393,260.61063494001115,-12.855355100798818,24.53930339200859,309.6892417240283,211.532028155994,304.5111677322634,5.724880561438061,269.16031496088107,-0.0044393685133978,292.292294040778,0.0115046283389637,293.3653233992395,-0.0030391479024223
2022-08-04,311.0,313.6066589355469,305.0,308.6333312988281,308.6333312988281,72256200,295.2519051688058,264.2725394112723,-14.771748701257138,26.256769627756224,316.7860786667848,211.75900015575985,307.25927677663987,5.728908590990012,270.97572977126003,-0.0078769815012902,294.62197381154374,0.0100710969873417,295.5077278807985,-0.00078568964998
2022-08-05,302.6700134277344,304.6066589355469,285.5433349609375,288.1700134277344,288.1700134277344,113172900,297.1590488978795,266.3500002906436,-16.366093277689856,26.501011294938703,319.352022880521,213.3479777007662,294.53310121070285,5.660074421652396,272.78501077004563,-0.0112175572093399,296.60962889563814,0.0084064954220743,297.2919792332689,0.0014832236977251
2022-08-08,295.0,305.20001220703125,289.086669921875,290.42333984375,290.42333984375,98994000,298.519526890346,268.2385718936012,-16.24704247785445,25.80718922178733,319.85295033717586,216.62419345002652,291.79326029940097,5.667890460025414,274.58564350413195,-0.0144411610237549,298.2343729195304,0.0065520278925799,298.71291344752007,0.0036423348920503
2022-08-09,290.2933349609375,292.39666748046875,279.35333251953125,283.3333435058594,283.3333435058594,86244600,296.5457196916853,270.5714292980376,-15.821855879996122,24.439554425101477,319.4505381482405,221.69232044783465,286.15331577037324,5.643088442014142,276.37539321905524,-0.017528931237473,299.48212212597235,0.0045517102744527,299.7706712422953,0.0055734530765731
2022-08-10,297.0666809082031,297.510009765625,283.3699951171875,294.3566589355469,294.3566589355469,94918800,296.12857491629467,273.4898412795294,-15.613253861880196,23.40795960308959,320.30576048570856,226.6739220733502,291.6222112138223,5.681389134741122,278.1523118031059,-0.0204631516600229,300.34599354966,0.0024517130685533,300.4704596609997,0.0071712067735134
2022-08-11,296.5133361816406,298.2366638183594,285.8333435058594,286.6300048828125,286.6300048828125,70155000,294.134765625,275.8512704031808,-15.789988669911509,21.828467609398285,319.50820562197737,232.19433518438424,288.2940736598157,5.654697284060596,279.9147431532418,-0.023227317650229,300.826562720967,0.0002997437878859,300.8223818440284,0.0083482244550118
2022-08-12,289.4166564941406,300.1600036621094,285.0333251953125,300.0299987792969,300.0299987792969,79657200,293.08238438197543,278.7901589529855,-13.776754713809282,20.458379985052154,319.7069189230898,237.8733989828812,296.11802373946983,5.700543898723473,281.6613267500286,-0.0258061961436824,300.9319750748423,-0.0018555546461416,300.84131620259296,0.0090395309746421
2022-08-15,301.78668212890625,313.1333312988281,301.2300109863281,309.32000732421875,309.32000732421875,89359200,293.18048095703125,282.0879371279762,-13.136416893633792,19.0830103269084,320.253957781793,243.92191647415945,304.9193461293025,5.731138228421306,283.39099923293287,-0.0281858801513286,300.67790788105,-0.0039652158496862,300.5468128294379,0.0092059665550326
2022-08-16,311.6666564941406,314.6666564941406,302.8833312988281,306.5633239746094,306.5633239746094,88136400,295.808096749442,285.23158772786456,-14.123369931880234,17.38394983609519,319.99948740005493,250.4636880556742,306.0153313595071,5.722157036918119,285.10299377683003,-0.0303538380975294,300.0873821814283,-0.0059805997050537,299.96296969980943,0.008836460126111
2022-08-17,303.39666748046875,309.6566772460937,300.0333251953125,303.9966735839844,303.9966735839844,68766000,297.7471444266183,288.01571509951634,-13.711647542963874,15.019975792666717,318.05566668484977,257.9757635141829,304.66955950915866,5.7137218271784285,286.7968370855104,-0.032298958248765,299.1904268753294,-0.0078541063608295,299.1182540906482,0.0079490196572581
2022-08-18,306.0,306.5,301.85333251953125,302.8699951171875,302.8699951171875,47500500,300.538094656808,290.6523815336682,-13.709947615407486,14.629170906868405,319.910723347405,261.39403971993136,303.46984991451126,5.7099964449474525,288.4723438381575,-0.0340115883610354,298.0235996932624,-0.0095399776939321,298.04524418009214,0.0065903385976284
2022-08-19,299.0,300.3599853515625,292.5,296.6666564941406,296.6666564941406,61395300,300.8680943080357,291.84095255533856,-12.970630117511234,13.931075699370329,319.7031039540792,263.9788011565979,298.93438763426417,5.689232659236082,290.1296084501176,-0.0354835705484149,296.6293723055601,-0.0109952033548715,296.7802792880262,0.0048339606141487
2022-08-22,291.913330078125,292.3999938964844,286.2966613769531,289.913330078125,289.913330078125,55843200,301.33714076450894,292.68238031296505,-11.680159627042258,12.728037296994572,318.1384549069542,267.2263057189759,292.9203492635047,5.666126747211214,291.7689940395408,-0.0367082712506433,295.0553892044432,-0.0121805392176127,295.3630213589983,0.002776996333569
2022-08-23,291.4533386230469,298.82666015625,287.92333984375,296.4533386230469,296.4533386230469,63984900,300.82618931361606,294.0166669573103,-10.003579031817196,9.69671159094844,313.4100901392072,274.6232437754134,295.27567550319947,5.688510917856614,293.39111852643333,-0.0376806060578053,293.35361226730294,-0.0130616331606149,293.83594181180194,0.0005354477013142
2022-08-24,297.5633239746094,303.64666748046875,296.5,297.0966796875,297.0966796875,57259800,299.0799996512277,295.8374619256882,-9.411380630025404,8.348787938824676,312.5350378033376,279.1398860480389,296.4896782927331,5.690686021561054,294.99683782994003,-0.0383970590388654,291.5793650670979,-0.0136102365361736,292.2437542758187,-0.001761731086022
2022-08-25,302.3599853515625,302.9599914550781,291.6000061035156,296.07000732421875,296.07000732421875,53230000,297.5809544154576,296.84936668759303,-9.659470916331031,7.461758981700339,311.7728846509937,281.92584872419235,296.20989764705683,5.687212641149007,296.58722617286105,-0.0388556961219932,289.7902930681706,-0.0138054598791526,290.63281379953435,-0.0039796231764131
2022-08-26,297.42999267578125,302.0,287.4700012207031,288.0899963378906,288.0899963378906,57163900,295.3085719517299,297.1917477562314,-9.648096394589516,7.762464466195515,312.71667668862244,281.66681882384034,290.79663010761266,5.659795742695126,298.1635535489464,-0.0390561719921383,288.04525786472885,-0.0136350095643645,289.05049726307743,-0.0059850851999525
2022-08-29,282.8299865722656,287.739990234375,280.70001220703125,284.82000732421875,284.82000732421875,41864700,292.7300022670201,296.6046055385045,-7.631740248728875,8.240489166969677,313.0855838724438,280.12362720456514,286.81221491868337,5.648340260212249,299.7272604577422,-0.0389997299090161,286.403185608567,-0.0130963204021154,287.5445699555093,-0.0076548341099871
2022-08-30,287.8699951171875,288.4800109863281,272.6499938964844,277.70001220703125,277.70001220703125,50541800,290.0204816545759,295.67238362630206,-7.24511732535376,9.188111006183837,314.04860563866976,277.2961616139344,280.73741311091527,5.622933930909364,301.2799300628963,-0.0386891938101102,284.92189172704565,-0.0121974807302124,286.16253278622355,-0.008883405515824
2022-08-31,280.6199951171875,281.25,271.8099975585937,275.6099853515625,275.6099853515625,52107300,287.9771466936384,294.48301769438245,-6.014971620692563,9.74114102887276,313.965299752128,275.00073563663693,277.3191279380134,5.615351855934078,302.8232579819317,-0.0381289520516744,283.6569058941669,-0.0109578353948601,284.95093705730284,-0.0095904410785576
2022-09-01,272.5799865722656,277.5799865722656,266.1499938964844,277.1600036621094,277.1600036621094,54287000,285.220955984933,293.04317656017486,-3.687989129802986,9.76726571581884,312.57770799181253,273.5086451285372,277.2130450874108,5.620980421155888,304.3590199675187,-0.037324932158631,282.6603228567836,-0.0094081523645407,283.95465233814923,-0.0097267328123033
2022-09-02,281.07000732421875,282.3500061035156,269.0799865722656,270.2099914550781,270.2099914550781,50890100,281.38000052315846,291.21349371047245,-3.5916051722081197,10.920932732489796,313.05535917545205,269.37162824549284,272.5443426658557,5.595491712442432,305.88903779104646,-0.0362845660035238,281.9797059247754,-0.007590254231154,283.2160795587533,-0.0092784695258117
2022-09-06,272.67999267578125,275.989990234375,265.739990234375,274.4200134277344,274.4200134277344,55860000,278.28714425223217,290.5587318057106,-1.996296598648371,11.56112032018716,313.6809724460849,267.43649116533624,273.7947898404415,5.611009123614131,307.4151436875241,-0.0350167449161708,281.6570704325909,-0.0055560484248104,282.77431566369484,-0.0082692068767637
2022-09-07,273.1000061035156,283.8399963378906,272.2699890136719,283.70001220703125,283.70001220703125,50028900,277.6600036621094,290.2385733468192,-0.0810419736384915,11.54933278968831,313.3372389261958,267.13990776744254,280.398271418168,5.644386307879704,308.93914376522014,-0.033531764339075,281.72797396881964,-0.003365938669785,282.6642953858924,-0.0067592241452417
2022-09-08,281.29998779296875,289.5,279.760009765625,289.260009765625,289.260009765625,53713100,278.2942897251674,290.5207955496652,0.6915510212693903,11.517890407568508,313.5565763648022,267.4850147345282,286.3060969831393,5.663862884532792,310.4627808225738,-0.0318412577874312,282.22073838956214,-0.0010866605854662,282.9159552964735,-0.0048421353176885
2022-09-09,291.6700134277344,299.8500061035156,291.25,299.67999267578125,299.67999267578125,54338100,281.43428693498885,290.77428763253346,0.5561525364209956,11.666004406241548,314.10629644501654,267.4422788200504,295.22202744490056,5.699372741645542,311.9876970474772,-0.029958120043765,283.1558254374406,0.0012113514658319,283.553479744955,-0.0026388743599096
2022-09-12,300.7200012207031,305.489990234375,300.3999938964844,304.4200134277344,304.4200134277344,48674600,285.5500052315848,291.6214308965774,-0.5061781656850144,11.88447063528806,315.39037216715354,267.8524896260013,301.3540181001231,5.715118028574557,313.5153970987224,-0.0278964197115305,284.54538322367705,0.0034569012699606,284.59469268181897,-0.0002894460618014
2022-09-13,292.8999938964844,297.3999938964844,290.3999938964844,292.1300048828125,292.1300048828125,68229600,287.6885768345424,291.24524071103053,-0.9978477133493584,11.100882145681329,313.4470050023932,269.04347641966785,295.20467595524934,5.673769919582066,315.0472120851343,-0.0256713014636975,286.3929751559491,0.0055810650555784,286.0506508313149,0.0020569145292968
2022-09-14,292.239990234375,306.0,291.6400146484375,302.6099853515625,302.6099853515625,72628700,292.317147391183,290.9257158551897,-0.502628335719578,10.828687139405794,312.5830901340013,269.26834157637813,300.1415488861248,5.70913474351533,316.5842649637105,-0.023298878544626,288.69349656572825,0.0075201001644587,287.92547263509454,0.0042523413703334
2022-09-15,301.8299865722656,309.1199951171875,300.7200012207031,303.75,303.75,64795500,296.5071454729353,290.791748046875,-1.3816699267307513,10.81220651588697,312.41616107864894,269.16733501510106,302.54718296204163,5.712907382433202,318.12743787329475,-0.0207961163085539,291.4332778801951,0.0092180166528118,290.2164075935509,0.0061607696085836
2022-09-16,299.6099853515625,303.7099914550781,295.6000061035156,303.3500061035156,303.3500061035156,87087800,299.3142874581473,290.76095435732884,-1.720842233118674,10.842461627258889,312.44587761184664,269.07603110281104,303.082398389691,5.711585306906143,319.6773419045268,-0.0181807077973906,294.59036727471573,0.0106286384456182,292.9141184089105,0.0076672962224875
2022-09-19,300.0899963378906,309.8399963378906,297.79998779296875,309.07000732421875,309.07000732421875,60231200,302.144287109375,291.0561930338542,-1.574487511662653,11.5651284470397,314.1864499279336,267.9259361397748,307.0741376793762,5.73032705365284,321.23428978003443,-0.0154709425655426,298.1349807982141,0.0117170383959865,296.0031208502257,0.0086856958780122
2022-09-20,306.9100036621094,313.3299865722656,305.5799865722656,308.7300109863281,308.7300109863281,61642800,303.43714686802457,291.6306384858631,-2.4139597564478663,12.237137361464171,316.1049132087914,267.15636376293475,308.17805321734414,5.729222810839171,322.7982718813563,-0.0126855701417719,302.0301042528688,0.012460298889652,299.4623095548304,0.0091635348831889
2022-09-21,308.2900085449219,313.79998779296875,300.6300048828125,300.79998779296875,300.79998779296875,62555700,302.9200003487723,292.1490507579985,-3.823133166408809,12.363636183112945,316.8763231242244,267.42177839177265,303.2593429344272,5.703115544951247,324.36893601165264,-0.0098436596697813,306.2322286705553,0.0128476155680888,303.26549535551965,0.0090845889789658
2022-09-22,299.8599853515625,301.2900085449219,285.82000732421875,288.5899963378906,288.5899963378906,70545400,302.4142848423549,291.7746058872768,-4.576491471880047,12.32293246364718,316.4204708145712,267.1287409599824,293.4797785367361,5.661535841993994,325.9455712269075,-0.0069644573836725,310.69219990196297,0.0128798170142989,307.3818910066356,0.0084685392960266
2022-09-23,283.0899963378906,284.5,272.82000732421875,275.3299865722656,275.3299865722656,63748400,298.5171421595982,290.7380966913132,-3.645233275639328,12.782941431813184,316.3039795549396,265.17221382768685,281.37991722708915,5.614331712319474,327.5270960044616,-0.0040672436464209,315.35616233477543,0.012568411817215,311.7765040305,0.0073681604600603
2022-09-26,271.8299865722656,284.0899963378906,270.3099975585937,276.010009765625,276.010009765625,58076900,294.55428641183033,289.7828587123326,-1.1798257872209206,13.180597993140244,316.1440546986131,263.4216627260521,277.7999789194464,5.616807496151866,329.11205094799186,-0.0011711913056655,320.1665767609816,0.0119342941333005,316.41042243372505,0.0058644025001844
2022-09-27,283.8399963378906,288.6700134277344,277.510009765625,282.94000244140625,282.94000244140625,61925200,291.6385716029576,289.5376209077381,-0.5215188406797324,13.225118508588016,315.9878579249141,263.087383890562,281.2266612674196,5.641694291002091,330.6985961543358,0.0017047728999559,325.0632926353293,0.0110062409811816,321.2410053639684,0.0040598933746348
2022-09-28,283.0799865722656,289.0,277.57000732421875,287.8099975585937,287.8099975585937,54664800,288.60142735072543,289.6800013950893,0.4676005638016249,12.929254962518542,315.5385113201264,263.8214914700522,285.61555212820235,5.658819967108817,332.2845132918551,0.0045421022182904,329.9846552099524,0.0098193227098104,326.22201146440074,0.0020714512474901
2022-09-29,282.760009765625,283.6499938964844,265.7799987792969,268.2099914550781,268.2099914550781,77620600,282.81285313197543,289.2280956449963,-0.1114989665063035,13.465883222724932,316.1598620904461,262.29632919954645,274.0118450127862,5.588034834133586,333.8672123643521,0.007322757490715,334.86862820116613,0.0084133271553444,331.30370978402146,2.2201488997308628e-05
